iso3,country,measure,unit,year,year_date,obs_value
SWE,Sweden,Multifactor productivity (hours based),"Index = 2015, Current prices",2011,2011-01-01,97.89045
SWE,Sweden,Multifactor productivity (hours based),"Index = 2015, Current prices",2012,2012-01-01,96.687332
AUS,Australia,Multifactor productivity (hours based),"Index = 2015, Current prices",2017,2017-01-01,100.776376
AUS,Australia,Multifactor productivity (hours based),"Index = 2015, Current prices",2018,2018-01-01,100.727432
AUS,Australia,Multifactor productivity (hours based),"Index = 2015, Current prices",2019,2019-01-01,98.411454
ITA,Italy,Multifactor productivity (hours based),"Index = 2015, Current prices",2010,2010-01-01,100.775348
JPN,Japan,Multifactor productivity (hours based),"Index = 2015, Current prices",2002,2002-01-01,92.632454
AUS,Australia,Multifactor productivity (hours based),"Index = 2015, Current prices",2008,2008-01-01,97.55946
AUS,Australia,Multifactor productivity (hours based),"Index = 2015, Current prices",1998,1998-01-01,92.819923
AUS,Australia,Multifactor productivity (hours based),"Index = 2015, Current prices",1999,1999-01-01,93.193962
AUS,Australia,Multifactor productivity (hours based),"Index = 2015, Current prices",2000,2000-01-01,93.27766
AUS,Australia,Multifactor productivity (hours based),"Index = 2015, Current prices",2001,2001-01-01,95.48715
AUS,Australia,Multifactor productivity (hours based),"Index = 2015, Current prices",2009,2009-01-01,96.174781
AUS,Australia,Multifactor productivity (hours based),"Index = 2015, Current prices",2010,2010-01-01,96.488521
AUS,Australia,Multifactor productivity (hours based),"Index = 2015, Current prices",2011,2011-01-01,96.719068
AUS,Australia,Multifactor productivity (hours based),"Index = 2015, Current prices",2012,2012-01-01,97.518233
AUS,Australia,Multifactor productivity (hours based),"Index = 2015, Current prices",2005,2005-01-01,96.102526
AUS,Australia,Multifactor productivity (hours based),"Index = 2015, Current prices",2006,2006-01-01,96.009935
AUS,Australia,Multifactor productivity (hours based),"Index = 2015, Current prices",2020,2020-01-01,103.180043
AUS,Australia,Multifactor productivity (hours based),"Index = 2015, Current prices",2021,2021-01-01,104.060616
AUS,Australia,Multifactor productivity (hours based),"Index = 2015, Current prices",2022,2022-01-01,102.69344
AUT,Austria,Multifactor productivity (hours based),"Index = 2015, Current prices",2002,2002-01-01,94.134734
AUT,Austria,Multifactor productivity (hours based),"Index = 2015, Current prices",2003,2003-01-01,93.909974
AUT,Austria,Multifactor productivity (hours based),"Index = 2015, Current prices",2018,2018-01-01,100.555897
AUT,Austria,Multifactor productivity (hours based),"Index = 2015, Current prices",2019,2019-01-01,99.837443
AUT,Austria,Multifactor productivity (hours based),"Index = 2015, Current prices",2020,2020-01-01,98.876001
AUT,Austria,Multifactor productivity (hours based),"Index = 2015, Current prices",2021,2021-01-01,98.813246
AUT,Austria,Multifactor productivity (hours based),"Index = 2015, Current prices",2022,2022-01-01,100.674347
AUT,Austria,Multifactor productivity (hours based),"Index = 2015, Current prices",2004,2004-01-01,95.088252
AUT,Austria,Multifactor productivity (hours based),"Index = 2015, Current prices",2005,2005-01-01,96.604827
AUT,Austria,Multifactor productivity (hours based),"Index = 2015, Current prices",2006,2006-01-01,98.630098
AUT,Austria,Multifactor productivity (hours based),"Index = 2015, Current prices",2007,2007-01-01,100.586367
AUT,Austria,Multifactor productivity (hours based),"Index = 2015, Current prices",2008,2008-01-01,100.13459
AUT,Austria,Multifactor productivity (hours based),"Index = 2015, Current prices",2009,2009-01-01,97.973544
AUT,Austria,Multifactor productivity (hours based),"Index = 2015, Current prices",2010,2010-01-01,98.933104
AUT,Austria,Multifactor productivity (hours based),"Index = 2015, Current prices",2011,2011-01-01,99.598083
AUT,Austria,Multifactor productivity (hours based),"Index = 2015, Current prices",2012,2012-01-01,99.863447
AUT,Austria,Multifactor productivity (hours based),"Index = 2015, Current prices",2013,2013-01-01,99.561133
AUT,Austria,Multifactor productivity (hours based),"Index = 2015, Current prices",2014,2014-01-01,99.383817
AUT,Austria,Multifactor productivity (hours based),"Index = 2015, Current prices",2016,2016-01-01,99.678636
AUS,Australia,Multifactor productivity (hours based),"Index = 2015, Current prices",2002,2002-01-01,96.001083
AUS,Australia,Multifactor productivity (hours based),"Index = 2015, Current prices",2003,2003-01-01,97.395818
AUS,Australia,Multifactor productivity (hours based),"Index = 2015, Current prices",2007,2007-01-01,96.157167
BEL,Belgium,Multifactor productivity (hours based),"Index = 2015, Current prices",1999,1999-01-01,99.59854
BEL,Belgium,Multifactor productivity (hours based),"Index = 2015, Current prices",2000,2000-01-01,99.578994
BEL,Belgium,Multifactor productivity (hours based),"Index = 2015, Current prices",2001,2001-01-01,98.4907
BEL,Belgium,Multifactor productivity (hours based),"Index = 2015, Current prices",2002,2002-01-01,98.164613
BEL,Belgium,Multifactor productivity (hours based),"Index = 2015, Current prices",2003,2003-01-01,97.957315
BEL,Belgium,Multifactor productivity (hours based),"Index = 2015, Current prices",2010,2010-01-01,99.250336
BEL,Belgium,Multifactor productivity (hours based),"Index = 2015, Current prices",2011,2011-01-01,98.33024
BEL,Belgium,Multifactor productivity (hours based),"Index = 2015, Current prices",2012,2012-01-01,98.170222
BEL,Belgium,Multifactor productivity (hours based),"Index = 2015, Current prices",2013,2013-01-01,98.323206
BEL,Belgium,Multifactor productivity (hours based),"Index = 2015, Current prices",2014,2014-01-01,99.093968
BEL,Belgium,Multifactor productivity (hours based),"Index = 2015, Current prices",2016,2016-01-01,99.632839
BEL,Belgium,Multifactor productivity (hours based),"Index = 2015, Current prices",2017,2017-01-01,99.146227
BEL,Belgium,Multifactor productivity (hours based),"Index = 2015, Current prices",2018,2018-01-01,99.022298
BEL,Belgium,Multifactor productivity (hours based),"Index = 2015, Current prices",2019,2019-01-01,99.380032
BEL,Belgium,Multifactor productivity (hours based),"Index = 2015, Current prices",2020,2020-01-01,99.642317
BEL,Belgium,Multifactor productivity (hours based),"Index = 2015, Current prices",2021,2021-01-01,100.085791
BEL,Belgium,Multifactor productivity (hours based),"Index = 2015, Current prices",2022,2022-01-01,99.255374
BEL,Belgium,Multifactor productivity (hours based),"Index = 2015, Current prices",1998,1998-01-01,98.622433
BEL,Belgium,Multifactor productivity (hours based),"Index = 2015, Current prices",2015,2015-01-01,100
BEL,Belgium,Multifactor productivity (hours based),"Index = 2015, Current prices",2004,2004-01-01,100.052369
BEL,Belgium,Multifactor productivity (hours based),"Index = 2015, Current prices",2005,2005-01-01,100.564129
BEL,Belgium,Multifactor productivity (hours based),"Index = 2015, Current prices",2006,2006-01-01,100.490999
CAN,Canada,Multifactor productivity (hours based),"Index = 2015, Current prices",2002,2002-01-01,97.150679
CAN,Canada,Multifactor productivity (hours based),"Index = 2015, Current prices",2003,2003-01-01,96.809753
CAN,Canada,Multifactor productivity (hours based),"Index = 2015, Current prices",2018,2018-01-01,102.214557
CAN,Canada,Multifactor productivity (hours based),"Index = 2015, Current prices",2019,2019-01-01,102.49716600000001
CAN,Canada,Multifactor productivity (hours based),"Index = 2015, Current prices",2020,2020-01-01,106.186783
CAN,Canada,Multifactor productivity (hours based),"Index = 2015, Current prices",2021,2021-01-01,103.638433
CAN,Canada,Multifactor productivity (hours based),"Index = 2015, Current prices",2022,2022-01-01,103.616362
CAN,Canada,Multifactor productivity (hours based),"Index = 2015, Current prices",2004,2004-01-01,97.106665
CAN,Canada,Multifactor productivity (hours based),"Index = 2015, Current prices",2005,2005-01-01,98.231994
CAN,Canada,Multifactor productivity (hours based),"Index = 2015, Current prices",2006,2006-01-01,98.542227
CAN,Canada,Multifactor productivity (hours based),"Index = 2015, Current prices",2007,2007-01-01,97.87429
CAN,Canada,Multifactor productivity (hours based),"Index = 2015, Current prices",2008,2008-01-01,96.895961
CAN,Canada,Multifactor productivity (hours based),"Index = 2015, Current prices",2009,2009-01-01,95.865863
CAN,Canada,Multifactor productivity (hours based),"Index = 2015, Current prices",2010,2010-01-01,96.668168
CAN,Canada,Multifactor productivity (hours based),"Index = 2015, Current prices",2011,2011-01-01,97.914672
CAN,Canada,Multifactor productivity (hours based),"Index = 2015, Current prices",2012,2012-01-01,97.54435
CAN,Canada,Multifactor productivity (hours based),"Index = 2015, Current prices",2013,2013-01-01,98.446316
CAN,Canada,Multifactor productivity (hours based),"Index = 2015, Current prices",2014,2014-01-01,100.505226
CAN,Canada,Multifactor productivity (hours based),"Index = 2015, Current prices",2016,2016-01-01,100.43488
CAN,Canada,Multifactor productivity (hours based),"Index = 2015, Current prices",2017,2017-01-01,101.950354
CAN,Canada,Multifactor productivity (hours based),"Index = 2015, Current prices",2015,2015-01-01,100
CAN,Canada,Multifactor productivity (hours based),"Index = 2015, Current prices",1998,1998-01-01,91.713188
CAN,Canada,Multifactor productivity (hours based),"Index = 2015, Current prices",1999,1999-01-01,93.483694
CAN,Canada,Multifactor productivity (hours based),"Index = 2015, Current prices",2000,2000-01-01,95.667374
DNK,Denmark,Multifactor productivity (hours based),"Index = 2015, Current prices",2002,2002-01-01,95.639353
AUS,Australia,Multifactor productivity (hours based),"Index = 2015, Current prices",2013,2013-01-01,98.215624
AUS,Australia,Multifactor productivity (hours based),"Index = 2015, Current prices",2014,2014-01-01,98.182857
AUS,Australia,Multifactor productivity (hours based),"Index = 2015, Current prices",2016,2016-01-01,99.841896
AUS,Australia,Multifactor productivity (hours based),"Index = 2015, Current prices",2015,2015-01-01,100
DNK,Denmark,Multifactor productivity (hours based),"Index = 2015, Current prices",2009,2009-01-01,93.741184
DNK,Denmark,Multifactor productivity (hours based),"Index = 2015, Current prices",2010,2010-01-01,96.195811
DNK,Denmark,Multifactor productivity (hours based),"Index = 2015, Current prices",2011,2011-01-01,96.447324
DNK,Denmark,Multifactor productivity (hours based),"Index = 2015, Current prices",2012,2012-01-01,97.382993
DNK,Denmark,Multifactor productivity (hours based),"Index = 2015, Current prices",2013,2013-01-01,97.759596
DNK,Denmark,Multifactor productivity (hours based),"Index = 2015, Current prices",2014,2014-01-01,98.847612
DNK,Denmark,Multifactor productivity (hours based),"Index = 2015, Current prices",2016,2016-01-01,101.082468
DNK,Denmark,Multifactor productivity (hours based),"Index = 2015, Current prices",2017,2017-01-01,102.560699
DNK,Denmark,Multifactor productivity (hours based),"Index = 2015, Current prices",2015,2015-01-01,100
DNK,Denmark,Multifactor productivity (hours based),"Index = 2015, Current prices",1998,1998-01-01,95.767039
DNK,Denmark,Multifactor productivity (hours based),"Index = 2015, Current prices",1999,1999-01-01,95.891966
DNK,Denmark,Multifactor productivity (hours based),"Index = 2015, Current prices",2000,2000-01-01,97.185762
FIN,Finland,Multifactor productivity (hours based),"Index = 2015, Current prices",2006,2006-01-01,102.417365
FIN,Finland,Multifactor productivity (hours based),"Index = 2015, Current prices",2007,2007-01-01,105.356379
FIN,Finland,Multifactor productivity (hours based),"Index = 2015, Current prices",2000,2000-01-01,93.150398
FIN,Finland,Multifactor productivity (hours based),"Index = 2015, Current prices",2020,2020-01-01,103.018219
FIN,Finland,Multifactor productivity (hours based),"Index = 2015, Current prices",2021,2021-01-01,104.198825
FIN,Finland,Multifactor productivity (hours based),"Index = 2015, Current prices",2022,2022-01-01,104.064404
FIN,Finland,Multifactor productivity (hours based),"Index = 2015, Current prices",1998,1998-01-01,88.131361
FIN,Finland,Multifactor productivity (hours based),"Index = 2015, Current prices",2008,2008-01-01,103.786399
FIN,Finland,Multifactor productivity (hours based),"Index = 2015, Current prices",2009,2009-01-01,97.424393
FIN,Finland,Multifactor productivity (hours based),"Index = 2015, Current prices",2010,2010-01-01,100.28161
FIN,Finland,Multifactor productivity (hours based),"Index = 2015, Current prices",2011,2011-01-01,101.617164
FIN,Finland,Multifactor productivity (hours based),"Index = 2015, Current prices",2012,2012-01-01,99.724286
FIN,Finland,Multifactor productivity (hours based),"Index = 2015, Current prices",2013,2013-01-01,99.539636
FIN,Finland,Multifactor productivity (hours based),"Index = 2015, Current prices",2014,2014-01-01,99.430125
FIN,Finland,Multifactor productivity (hours based),"Index = 2015, Current prices",2016,2016-01-01,102.246794
FIN,Finland,Multifactor productivity (hours based),"Index = 2015, Current prices",2017,2017-01-01,104.64411
FIN,Finland,Multifactor productivity (hours based),"Index = 2015, Current prices",2018,2018-01-01,103.630474
FIN,Finland,Multifactor productivity (hours based),"Index = 2015, Current prices",2019,2019-01-01,103.821159
FIN,Finland,Multifactor productivity (hours based),"Index = 2015, Current prices",2015,2015-01-01,100
FIN,Finland,Multifactor productivity (hours based),"Index = 2015, Current prices",1999,1999-01-01,89.807327
FIN,Finland,Multifactor productivity (hours based),"Index = 2015, Current prices",2001,2001-01-01,94.315035
FIN,Finland,Multifactor productivity (hours based),"Index = 2015, Current prices",2002,2002-01-01,94.794321
FIN,Finland,Multifactor productivity (hours based),"Index = 2015, Current prices",2003,2003-01-01,96.119942
FIN,Finland,Multifactor productivity (hours based),"Index = 2015, Current prices",2004,2004-01-01,98.849072
FRA,France,Multifactor productivity (hours based),"Index = 2015, Current prices",2002,2002-01-01,98.598774
FRA,France,Multifactor productivity (hours based),"Index = 2015, Current prices",2003,2003-01-01,98.467276
FRA,France,Multifactor productivity (hours based),"Index = 2015, Current prices",2018,2018-01-01,101.42946
FRA,France,Multifactor productivity (hours based),"Index = 2015, Current prices",2019,2019-01-01,101.463869
FRA,France,Multifactor productivity (hours based),"Index = 2015, Current prices",2020,2020-01-01,98.977544
FRA,France,Multifactor productivity (hours based),"Index = 2015, Current prices",2021,2021-01-01,98.648565
FRA,France,Multifactor productivity (hours based),"Index = 2015, Current prices",2022,2022-01-01,97.100834
FRA,France,Multifactor productivity (hours based),"Index = 2015, Current prices",2004,2004-01-01,99.2474
FRA,France,Multifactor productivity (hours based),"Index = 2015, Current prices",2005,2005-01-01,99.595983
FRA,France,Multifactor productivity (hours based),"Index = 2015, Current prices",2006,2006-01-01,101.278387
FRA,France,Multifactor productivity (hours based),"Index = 2015, Current prices",2007,2007-01-01,100.628221
FRA,France,Multifactor productivity (hours based),"Index = 2015, Current prices",2008,2008-01-01,99.318228
FRA,France,Multifactor productivity (hours based),"Index = 2015, Current prices",2009,2009-01-01,97.328966
FRA,France,Multifactor productivity (hours based),"Index = 2015, Current prices",2010,2010-01-01,98.205172
FRA,France,Multifactor productivity (hours based),"Index = 2015, Current prices",2011,2011-01-01,98.940805
FRA,France,Multifactor productivity (hours based),"Index = 2015, Current prices",2012,2012-01-01,98.676062
FRA,France,Multifactor productivity (hours based),"Index = 2015, Current prices",2013,2013-01-01,99.262947
FRA,France,Multifactor productivity (hours based),"Index = 2015, Current prices",2014,2014-01-01,99.682391
FRA,France,Multifactor productivity (hours based),"Index = 2015, Current prices",2016,2016-01-01,99.888345
FRA,France,Multifactor productivity (hours based),"Index = 2015, Current prices",2017,2017-01-01,101.353672
FRA,France,Multifactor productivity (hours based),"Index = 2015, Current prices",2015,2015-01-01,100
FRA,France,Multifactor productivity (hours based),"Index = 2015, Current prices",1998,1998-01-01,94.048032
FRA,France,Multifactor productivity (hours based),"Index = 2015, Current prices",1999,1999-01-01,94.753509
FRA,France,Multifactor productivity (hours based),"Index = 2015, Current prices",2000,2000-01-01,96.409201
DEU,Germany,Multifactor productivity (hours based),"Index = 2015, Current prices",2002,2002-01-01,94.012889
DEU,Germany,Multifactor productivity (hours based),"Index = 2015, Current prices",2003,2003-01-01,93.954376
DEU,Germany,Multifactor productivity (hours based),"Index = 2015, Current prices",2018,2018-01-01,102.658457
DEU,Germany,Multifactor productivity (hours based),"Index = 2015, Current prices",2019,2019-01-01,102.980721
DEU,Germany,Multifactor productivity (hours based),"Index = 2015, Current prices",2020,2020-01-01,102.670071
DEU,Germany,Multifactor productivity (hours based),"Index = 2015, Current prices",2021,2021-01-01,103.552482
DEU,Germany,Multifactor productivity (hours based),"Index = 2015, Current prices",2022,2022-01-01,104.046412
DEU,Germany,Multifactor productivity (hours based),"Index = 2015, Current prices",2004,2004-01-01,94.550588
DEU,Germany,Multifactor productivity (hours based),"Index = 2015, Current prices",2005,2005-01-01,95.402875
DEU,Germany,Multifactor productivity (hours based),"Index = 2015, Current prices",2006,2006-01-01,96.928528
DEU,Germany,Multifactor productivity (hours based),"Index = 2015, Current prices",2007,2007-01-01,97.91183
DEU,Germany,Multifactor productivity (hours based),"Index = 2015, Current prices",2008,2008-01-01,97.576651
DEU,Germany,Multifactor productivity (hours based),"Index = 2015, Current prices",2009,2009-01-01,93.608558
DEU,Germany,Multifactor productivity (hours based),"Index = 2015, Current prices",2010,2010-01-01,95.870185
DEU,Germany,Multifactor productivity (hours based),"Index = 2015, Current prices",2011,2011-01-01,98.223362
DEU,Germany,Multifactor productivity (hours based),"Index = 2015, Current prices",2012,2012-01-01,98.441741
DEU,Germany,Multifactor productivity (hours based),"Index = 2015, Current prices",2013,2013-01-01,98.624604
DEU,Germany,Multifactor productivity (hours based),"Index = 2015, Current prices",2014,2014-01-01,99.62737
DEU,Germany,Multifactor productivity (hours based),"Index = 2015, Current prices",2016,2016-01-01,101.150435
DEU,Germany,Multifactor productivity (hours based),"Index = 2015, Current prices",2017,2017-01-01,102.720303
DEU,Germany,Multifactor productivity (hours based),"Index = 2015, Current prices",2015,2015-01-01,100
DEU,Germany,Multifactor productivity (hours based),"Index = 2015, Current prices",1998,1998-01-01,90.778129
DEU,Germany,Multifactor productivity (hours based),"Index = 2015, Current prices",1999,1999-01-01,91.201848
DEU,Germany,Multifactor productivity (hours based),"Index = 2015, Current prices",2000,2000-01-01,92.673764
GRC,Greece,Multifactor productivity (hours based),"Index = 2015, Current prices",2002,2002-01-01,117.344964
GRC,Greece,Multifactor productivity (hours based),"Index = 2015, Current prices",2003,2003-01-01,120.77346
GRC,Greece,Multifactor productivity (hours based),"Index = 2015, Current prices",2018,2018-01-01,97.627534
GRC,Greece,Multifactor productivity (hours based),"Index = 2015, Current prices",2019,2019-01-01,99.806701
GRC,Greece,Multifactor productivity (hours based),"Index = 2015, Current prices",2020,2020-01-01,99.640461
GRC,Greece,Multifactor productivity (hours based),"Index = 2015, Current prices",2021,2021-01-01,101.736653
GRC,Greece,Multifactor productivity (hours based),"Index = 2015, Current prices",2022,2022-01-01,103.749584
GRC,Greece,Multifactor productivity (hours based),"Index = 2015, Current prices",2004,2004-01-01,123.213491
GRC,Greece,Multifactor productivity (hours based),"Index = 2015, Current prices",2005,2005-01-01,119.443228
GRC,Greece,Multifactor productivity (hours based),"Index = 2015, Current prices",2006,2006-01-01,123.134714
GRC,Greece,Multifactor productivity (hours based),"Index = 2015, Current prices",2007,2007-01-01,124.299866
GRC,Greece,Multifactor productivity (hours based),"Index = 2015, Current prices",2008,2008-01-01,120.974306
GRC,Greece,Multifactor productivity (hours based),"Index = 2015, Current prices",2009,2009-01-01,115.869679
GRC,Greece,Multifactor productivity (hours based),"Index = 2015, Current prices",2010,2010-01-01,112.39942
AUT,Austria,Multifactor productivity (hours based),"Index = 2015, Current prices",2017,2017-01-01,100.411317
AUT,Austria,Multifactor productivity (hours based),"Index = 2015, Current prices",2015,2015-01-01,100
AUT,Austria,Multifactor productivity (hours based),"Index = 2015, Current prices",1998,1998-01-01,91.406729
AUT,Austria,Multifactor productivity (hours based),"Index = 2015, Current prices",1999,1999-01-01,92.352625
AUT,Austria,Multifactor productivity (hours based),"Index = 2015, Current prices",2000,2000-01-01,93.563187
BEL,Belgium,Multifactor productivity (hours based),"Index = 2015, Current prices",2008,2008-01-01,100.1174
BEL,Belgium,Multifactor productivity (hours based),"Index = 2015, Current prices",2009,2009-01-01,98.236134
IRL,Ireland,Multifactor productivity (hours based),"Index = 2015, Current prices",1998,1998-01-01,86.021014
IRL,Ireland,Multifactor productivity (hours based),"Index = 2015, Current prices",1999,1999-01-01,89.480288
IRL,Ireland,Multifactor productivity (hours based),"Index = 2015, Current prices",2000,2000-01-01,93.401573
IRL,Ireland,Multifactor productivity (hours based),"Index = 2015, Current prices",2001,2001-01-01,95.401501
IRL,Ireland,Multifactor productivity (hours based),"Index = 2015, Current prices",2002,2002-01-01,98.675985
IRL,Ireland,Multifactor productivity (hours based),"Index = 2015, Current prices",2003,2003-01-01,99.691105
IRL,Ireland,Multifactor productivity (hours based),"Index = 2015, Current prices",2004,2004-01-01,102.662071
IRL,Ireland,Multifactor productivity (hours based),"Index = 2015, Current prices",2005,2005-01-01,102.671076
IRL,Ireland,Multifactor productivity (hours based),"Index = 2015, Current prices",2006,2006-01-01,102.959399
ISR,Israel,Multifactor productivity (hours based),"Index = 2015, Current prices",2002,2002-01-01,89.248451
ISR,Israel,Multifactor productivity (hours based),"Index = 2015, Current prices",2003,2003-01-01,89.845139
ISR,Israel,Multifactor productivity (hours based),"Index = 2015, Current prices",2018,2018-01-01,103.580137
ISR,Israel,Multifactor productivity (hours based),"Index = 2015, Current prices",2019,2019-01-01,105.663367
ISR,Israel,Multifactor productivity (hours based),"Index = 2015, Current prices",2020,2020-01-01,110.072026
ISR,Israel,Multifactor productivity (hours based),"Index = 2015, Current prices",2021,2021-01-01,112.634827
ISR,Israel,Multifactor productivity (hours based),"Index = 2015, Current prices",2022,2022-01-01,112.281277
ISR,Israel,Multifactor productivity (hours based),"Index = 2015, Current prices",2004,2004-01-01,92.539218
ISR,Israel,Multifactor productivity (hours based),"Index = 2015, Current prices",2005,2005-01-01,93.339662
ISR,Israel,Multifactor productivity (hours based),"Index = 2015, Current prices",2006,2006-01-01,95.544495
ISR,Israel,Multifactor productivity (hours based),"Index = 2015, Current prices",2007,2007-01-01,96.224971
ISR,Israel,Multifactor productivity (hours based),"Index = 2015, Current prices",2008,2008-01-01,95.427862
ISR,Israel,Multifactor productivity (hours based),"Index = 2015, Current prices",2009,2009-01-01,94.246529
ISR,Israel,Multifactor productivity (hours based),"Index = 2015, Current prices",2010,2010-01-01,96.566169
ISR,Israel,Multifactor productivity (hours based),"Index = 2015, Current prices",2011,2011-01-01,98.552819
ISR,Israel,Multifactor productivity (hours based),"Index = 2015, Current prices",2012,2012-01-01,97.610741
ISR,Israel,Multifactor productivity (hours based),"Index = 2015, Current prices",2013,2013-01-01,98.870484
ISR,Israel,Multifactor productivity (hours based),"Index = 2015, Current prices",2014,2014-01-01,100.030651
ISR,Israel,Multifactor productivity (hours based),"Index = 2015, Current prices",2016,2016-01-01,100.557711
ISR,Israel,Multifactor productivity (hours based),"Index = 2015, Current prices",2017,2017-01-01,101.947974
ISR,Israel,Multifactor productivity (hours based),"Index = 2015, Current prices",2015,2015-01-01,100
ISR,Israel,Multifactor productivity (hours based),"Index = 2015, Current prices",1998,1998-01-01,88.92462
ISR,Israel,Multifactor productivity (hours based),"Index = 2015, Current prices",1999,1999-01-01,87.980994
ISR,Israel,Multifactor productivity (hours based),"Index = 2015, Current prices",2000,2000-01-01,90.867004
ITA,Italy,Multifactor productivity (hours based),"Index = 2015, Current prices",2011,2011-01-01,101.175365
ITA,Italy,Multifactor productivity (hours based),"Index = 2015, Current prices",2012,2012-01-01,99.756768
ITA,Italy,Multifactor productivity (hours based),"Index = 2015, Current prices",2003,2003-01-01,104.478625
ITA,Italy,Multifactor productivity (hours based),"Index = 2015, Current prices",2004,2004-01-01,104.739709
ITA,Italy,Multifactor productivity (hours based),"Index = 2015, Current prices",2005,2005-01-01,104.573203
ITA,Italy,Multifactor productivity (hours based),"Index = 2015, Current prices",1998,1998-01-01,105.561693
ITA,Italy,Multifactor productivity (hours based),"Index = 2015, Current prices",1999,1999-01-01,105.518009
ITA,Italy,Multifactor productivity (hours based),"Index = 2015, Current prices",2013,2013-01-01,99.729536
ITA,Italy,Multifactor productivity (hours based),"Index = 2015, Current prices",2014,2014-01-01,99.773905
ITA,Italy,Multifactor productivity (hours based),"Index = 2015, Current prices",2016,2016-01-01,100.03688
ITA,Italy,Multifactor productivity (hours based),"Index = 2015, Current prices",2017,2017-01-01,100.83895
ITA,Italy,Multifactor productivity (hours based),"Index = 2015, Current prices",2018,2018-01-01,100.941382
ITA,Italy,Multifactor productivity (hours based),"Index = 2015, Current prices",2019,2019-01-01,101.291333
ITA,Italy,Multifactor productivity (hours based),"Index = 2015, Current prices",2020,2020-01-01,100.686695
ITA,Italy,Multifactor productivity (hours based),"Index = 2015, Current prices",2021,2021-01-01,101.717344
ITA,Italy,Multifactor productivity (hours based),"Index = 2015, Current prices",2022,2022-01-01,102.385759
ITA,Italy,Multifactor productivity (hours based),"Index = 2015, Current prices",2015,2015-01-01,100
ITA,Italy,Multifactor productivity (hours based),"Index = 2015, Current prices",2000,2000-01-01,107.595914
ITA,Italy,Multifactor productivity (hours based),"Index = 2015, Current prices",2001,2001-01-01,107.544648
ITA,Italy,Multifactor productivity (hours based),"Index = 2015, Current prices",2002,2002-01-01,105.873028
ITA,Italy,Multifactor productivity (hours based),"Index = 2015, Current prices",2006,2006-01-01,104.165863
ITA,Italy,Multifactor productivity (hours based),"Index = 2015, Current prices",2007,2007-01-01,103.75987
ITA,Italy,Multifactor productivity (hours based),"Index = 2015, Current prices",2008,2008-01-01,102.438485
ITA,Italy,Multifactor productivity (hours based),"Index = 2015, Current prices",2009,2009-01-01,99.056467
JPN,Japan,Multifactor productivity (hours based),"Index = 2015, Current prices",2003,2003-01-01,93.353979
JPN,Japan,Multifactor productivity (hours based),"Index = 2015, Current prices",2004,2004-01-01,94.944085
JPN,Japan,Multifactor productivity (hours based),"Index = 2015, Current prices",2018,2018-01-01,101.323331
JPN,Japan,Multifactor productivity (hours based),"Index = 2015, Current prices",2019,2019-01-01,101.543901
JPN,Japan,Multifactor productivity (hours based),"Index = 2015, Current prices",2020,2020-01-01,99.52791
JPN,Japan,Multifactor productivity (hours based),"Index = 2015, Current prices",2021,2021-01-01,101.513136
JPN,Japan,Multifactor productivity (hours based),"Index = 2015, Current prices",2022,2022-01-01,102.188638
JPN,Japan,Multifactor productivity (hours based),"Index = 2015, Current prices",2005,2005-01-01,95.819388
JPN,Japan,Multifactor productivity (hours based),"Index = 2015, Current prices",2006,2006-01-01,95.769079
JPN,Japan,Multifactor productivity (hours based),"Index = 2015, Current prices",2007,2007-01-01,96.142685
JPN,Japan,Multifactor productivity (hours based),"Index = 2015, Current prices",2015,2015-01-01,100
JPN,Japan,Multifactor productivity (hours based),"Index = 2015, Current prices",2008,2008-01-01,95.146503
JPN,Japan,Multifactor productivity (hours based),"Index = 2015, Current prices",2009,2009-01-01,92.317465
JPN,Japan,Multifactor productivity (hours based),"Index = 2015, Current prices",2010,2010-01-01,95.341662
JPN,Japan,Multifactor productivity (hours based),"Index = 2015, Current prices",2011,2011-01-01,95.695971
JPN,Japan,Multifactor productivity (hours based),"Index = 2015, Current prices",2012,2012-01-01,96.692627
JPN,Japan,Multifactor productivity (hours based),"Index = 2015, Current prices",2013,2013-01-01,98.568595
JPN,Japan,Multifactor productivity (hours based),"Index = 2015, Current prices",2014,2014-01-01,98.514449
JPN,Japan,Multifactor productivity (hours based),"Index = 2015, Current prices",2016,2016-01-01,100.048746
JPN,Japan,Multifactor productivity (hours based),"Index = 2015, Current prices",2017,2017-01-01,100.942987
JPN,Japan,Multifactor productivity (hours based),"Index = 2015, Current prices",1998,1998-01-01,90.178541
JPN,Japan,Multifactor productivity (hours based),"Index = 2015, Current prices",1999,1999-01-01,90.674703
JPN,Japan,Multifactor productivity (hours based),"Index = 2015, Current prices",2000,2000-01-01,92.166585
JPN,Japan,Multifactor productivity (hours based),"Index = 2015, Current prices",2001,2001-01-01,92.204961
KOR,Korea,Multifactor productivity (hours based),"Index = 2015, Current prices",2016,2016-01-01,101.504315
KOR,Korea,Multifactor productivity (hours based),"Index = 2015, Current prices",2017,2017-01-01,104.120408
KOR,Korea,Multifactor productivity (hours based),"Index = 2015, Current prices",2018,2018-01-01,106.481781
KOR,Korea,Multifactor productivity (hours based),"Index = 2015, Current prices",2019,2019-01-01,107.880736
KOR,Korea,Multifactor productivity (hours based),"Index = 2015, Current prices",2020,2020-01-01,108.866565
KOR,Korea,Multifactor productivity (hours based),"Index = 2015, Current prices",2021,2021-01-01,111.088695
KOR,Korea,Multifactor productivity (hours based),"Index = 2015, Current prices",2022,2022-01-01,110.86244
KOR,Korea,Multifactor productivity (hours based),"Index = 2015, Current prices",2015,2015-01-01,100
KOR,Korea,Multifactor productivity (hours based),"Index = 2015, Current prices",2012,2012-01-01,97.204519
KOR,Korea,Multifactor productivity (hours based),"Index = 2015, Current prices",2013,2013-01-01,98.398602
LUX,Luxembourg,Multifactor productivity (hours based),"Index = 2015, Current prices",2003,2003-01-01,102.836043
LUX,Luxembourg,Multifactor productivity (hours based),"Index = 2015, Current prices",2004,2004-01-01,104.1357
LUX,Luxembourg,Multifactor productivity (hours based),"Index = 2015, Current prices",2019,2019-01-01,98.358044
LUX,Luxembourg,Multifactor productivity (hours based),"Index = 2015, Current prices",2020,2020-01-01,100.402815
LUX,Luxembourg,Multifactor productivity (hours based),"Index = 2015, Current prices",2021,2021-01-01,100.983698
LUX,Luxembourg,Multifactor productivity (hours based),"Index = 2015, Current prices",2022,2022-01-01,99.689087
LUX,Luxembourg,Multifactor productivity (hours based),"Index = 2015, Current prices",2015,2015-01-01,100
LUX,Luxembourg,Multifactor productivity (hours based),"Index = 2015, Current prices",2005,2005-01-01,104.672262
LUX,Luxembourg,Multifactor productivity (hours based),"Index = 2015, Current prices",2006,2006-01-01,106.875084
LUX,Luxembourg,Multifactor productivity (hours based),"Index = 2015, Current prices",2007,2007-01-01,109.665234
LUX,Luxembourg,Multifactor productivity (hours based),"Index = 2015, Current prices",2008,2008-01-01,103.925756
LUX,Luxembourg,Multifactor productivity (hours based),"Index = 2015, Current prices",2009,2009-01-01,102.287051
DNK,Denmark,Multifactor productivity (hours based),"Index = 2015, Current prices",2003,2003-01-01,95.945946
DNK,Denmark,Multifactor productivity (hours based),"Index = 2015, Current prices",2018,2018-01-01,104.011961
DNK,Denmark,Multifactor productivity (hours based),"Index = 2015, Current prices",2019,2019-01-01,104.448868
DNK,Denmark,Multifactor productivity (hours based),"Index = 2015, Current prices",2020,2020-01-01,103.567254
DNK,Denmark,Multifactor productivity (hours based),"Index = 2015, Current prices",2021,2021-01-01,105.586976
DNK,Denmark,Multifactor productivity (hours based),"Index = 2015, Current prices",2022,2022-01-01,104.534634
DNK,Denmark,Multifactor productivity (hours based),"Index = 2015, Current prices",2004,2004-01-01,97.879019
DNK,Denmark,Multifactor productivity (hours based),"Index = 2015, Current prices",2005,2005-01-01,98.57739
DNK,Denmark,Multifactor productivity (hours based),"Index = 2015, Current prices",2006,2006-01-01,99.391954
DNK,Denmark,Multifactor productivity (hours based),"Index = 2015, Current prices",2007,2007-01-01,98.717681
DNK,Denmark,Multifactor productivity (hours based),"Index = 2015, Current prices",2008,2008-01-01,96.507418
NLD,Netherlands,Multifactor productivity (hours based),"Index = 2015, Current prices",2008,2008-01-01,102.13186
NLD,Netherlands,Multifactor productivity (hours based),"Index = 2015, Current prices",2009,2009-01-01,98.943314
NLD,Netherlands,Multifactor productivity (hours based),"Index = 2015, Current prices",2010,2010-01-01,100.345381
NLD,Netherlands,Multifactor productivity (hours based),"Index = 2015, Current prices",2011,2011-01-01,100.861667
NLD,Netherlands,Multifactor productivity (hours based),"Index = 2015, Current prices",2012,2012-01-01,99.856905
NLD,Netherlands,Multifactor productivity (hours based),"Index = 2015, Current prices",2013,2013-01-01,99.607935
NLD,Netherlands,Multifactor productivity (hours based),"Index = 2015, Current prices",2014,2014-01-01,100.41776
NLD,Netherlands,Multifactor productivity (hours based),"Index = 2015, Current prices",2016,2016-01-01,100.190092
NLD,Netherlands,Multifactor productivity (hours based),"Index = 2015, Current prices",2017,2017-01-01,100.819254
NLD,Netherlands,Multifactor productivity (hours based),"Index = 2015, Current prices",2018,2018-01-01,100.882867
NLD,Netherlands,Multifactor productivity (hours based),"Index = 2015, Current prices",1998,1998-01-01,93.811432
NLD,Netherlands,Multifactor productivity (hours based),"Index = 2015, Current prices",1999,1999-01-01,95.442488
NLD,Netherlands,Multifactor productivity (hours based),"Index = 2015, Current prices",2000,2000-01-01,97.140291
NLD,Netherlands,Multifactor productivity (hours based),"Index = 2015, Current prices",2001,2001-01-01,97.429643
NZL,New Zealand,Multifactor productivity (hours based),"Index = 2015, Current prices",2002,2002-01-01,98.327641
NZL,New Zealand,Multifactor productivity (hours based),"Index = 2015, Current prices",2003,2003-01-01,99.451906
NZL,New Zealand,Multifactor productivity (hours based),"Index = 2015, Current prices",2018,2018-01-01,101.090838
NZL,New Zealand,Multifactor productivity (hours based),"Index = 2015, Current prices",2019,2019-01-01,100.013852
NZL,New Zealand,Multifactor productivity (hours based),"Index = 2015, Current prices",2020,2020-01-01,100.396222
NZL,New Zealand,Multifactor productivity (hours based),"Index = 2015, Current prices",2021,2021-01-01,102.197263
NZL,New Zealand,Multifactor productivity (hours based),"Index = 2015, Current prices",2015,2015-01-01,100
NZL,New Zealand,Multifactor productivity (hours based),"Index = 2015, Current prices",2004,2004-01-01,98.410412
NZL,New Zealand,Multifactor productivity (hours based),"Index = 2015, Current prices",2005,2005-01-01,97.371
NZL,New Zealand,Multifactor productivity (hours based),"Index = 2015, Current prices",2006,2006-01-01,97.355431
NZL,New Zealand,Multifactor productivity (hours based),"Index = 2015, Current prices",2007,2007-01-01,99.65043
NZL,New Zealand,Multifactor productivity (hours based),"Index = 2015, Current prices",2008,2008-01-01,95.534066
NZL,New Zealand,Multifactor productivity (hours based),"Index = 2015, Current prices",2009,2009-01-01,98.785453
NZL,New Zealand,Multifactor productivity (hours based),"Index = 2015, Current prices",2010,2010-01-01,97.409887
NZL,New Zealand,Multifactor productivity (hours based),"Index = 2015, Current prices",2011,2011-01-01,98.371604
NZL,New Zealand,Multifactor productivity (hours based),"Index = 2015, Current prices",2012,2012-01-01,100.655616
NZL,New Zealand,Multifactor productivity (hours based),"Index = 2015, Current prices",2013,2013-01-01,98.536991
NZL,New Zealand,Multifactor productivity (hours based),"Index = 2015, Current prices",2014,2014-01-01,98.284687
NZL,New Zealand,Multifactor productivity (hours based),"Index = 2015, Current prices",2016,2016-01-01,99.397048
NZL,New Zealand,Multifactor productivity (hours based),"Index = 2015, Current prices",2017,2017-01-01,99.543931
NZL,New Zealand,Multifactor productivity (hours based),"Index = 2015, Current prices",1998,1998-01-01,93.500852
NZL,New Zealand,Multifactor productivity (hours based),"Index = 2015, Current prices",1999,1999-01-01,94.423209
NZL,New Zealand,Multifactor productivity (hours based),"Index = 2015, Current prices",2000,2000-01-01,95.78884
NOR,Norway,Multifactor productivity (hours based),"Index = 2015, Current prices",2002,2002-01-01,104.486182
NOR,Norway,Multifactor productivity (hours based),"Index = 2015, Current prices",2003,2003-01-01,106.280976
NOR,Norway,Multifactor productivity (hours based),"Index = 2015, Current prices",2018,2018-01-01,100.43392
NOR,Norway,Multifactor productivity (hours based),"Index = 2015, Current prices",2019,2019-01-01,99.461566
NOR,Norway,Multifactor productivity (hours based),"Index = 2015, Current prices",2020,2020-01-01,98.90479
NOR,Norway,Multifactor productivity (hours based),"Index = 2015, Current prices",2021,2021-01-01,100.226423
NOR,Norway,Multifactor productivity (hours based),"Index = 2015, Current prices",2022,2022-01-01,99.495799
NOR,Norway,Multifactor productivity (hours based),"Index = 2015, Current prices",2004,2004-01-01,107.821
NOR,Norway,Multifactor productivity (hours based),"Index = 2015, Current prices",2005,2005-01-01,108.361336
NOR,Norway,Multifactor productivity (hours based),"Index = 2015, Current prices",2006,2006-01-01,107.201126
NOR,Norway,Multifactor productivity (hours based),"Index = 2015, Current prices",2007,2007-01-01,105.017836
NOR,Norway,Multifactor productivity (hours based),"Index = 2015, Current prices",2008,2008-01-01,101.095139
NOR,Norway,Multifactor productivity (hours based),"Index = 2015, Current prices",2009,2009-01-01,99.526477
NOR,Norway,Multifactor productivity (hours based),"Index = 2015, Current prices",2010,2010-01-01,99.199454
NOR,Norway,Multifactor productivity (hours based),"Index = 2015, Current prices",2011,2011-01-01,98.138247
NOR,Norway,Multifactor productivity (hours based),"Index = 2015, Current prices",2012,2012-01-01,98.748628
NOR,Norway,Multifactor productivity (hours based),"Index = 2015, Current prices",2013,2013-01-01,98.642583
NOR,Norway,Multifactor productivity (hours based),"Index = 2015, Current prices",2014,2014-01-01,99.065959
NOR,Norway,Multifactor productivity (hours based),"Index = 2015, Current prices",2016,2016-01-01,100.143962
NOR,Norway,Multifactor productivity (hours based),"Index = 2015, Current prices",2017,2017-01-01,101.570231
NOR,Norway,Multifactor productivity (hours based),"Index = 2015, Current prices",2015,2015-01-01,100
NOR,Norway,Multifactor productivity (hours based),"Index = 2015, Current prices",1998,1998-01-01,98.629785
NOR,Norway,Multifactor productivity (hours based),"Index = 2015, Current prices",1999,1999-01-01,98.807263
NOR,Norway,Multifactor productivity (hours based),"Index = 2015, Current prices",2000,2000-01-01,101.367314
PRT,Portugal,Multifactor productivity (hours based),"Index = 2015, Current prices",2011,2011-01-01,100.893695
PRT,Portugal,Multifactor productivity (hours based),"Index = 2015, Current prices",2012,2012-01-01,99.961894
PRT,Portugal,Multifactor productivity (hours based),"Index = 2015, Current prices",2005,2005-01-01,101.196797
PRT,Portugal,Multifactor productivity (hours based),"Index = 2015, Current prices",2006,2006-01-01,101.862805
PRT,Portugal,Multifactor productivity (hours based),"Index = 2015, Current prices",1998,1998-01-01,102.229694
PRT,Portugal,Multifactor productivity (hours based),"Index = 2015, Current prices",1999,1999-01-01,102.996083
PRT,Portugal,Multifactor productivity (hours based),"Index = 2015, Current prices",2000,2000-01-01,102.83968
PRT,Portugal,Multifactor productivity (hours based),"Index = 2015, Current prices",2013,2013-01-01,100.455243
PRT,Portugal,Multifactor productivity (hours based),"Index = 2015, Current prices",2014,2014-01-01,99.764585
PRT,Portugal,Multifactor productivity (hours based),"Index = 2015, Current prices",2016,2016-01-01,100.333498
PRT,Portugal,Multifactor productivity (hours based),"Index = 2015, Current prices",2017,2017-01-01,101.3871
PRT,Portugal,Multifactor productivity (hours based),"Index = 2015, Current prices",2018,2018-01-01,101.466268
PRT,Portugal,Multifactor productivity (hours based),"Index = 2015, Current prices",2019,2019-01-01,102.607221
PRT,Portugal,Multifactor productivity (hours based),"Index = 2015, Current prices",2020,2020-01-01,100.568012
PRT,Portugal,Multifactor productivity (hours based),"Index = 2015, Current prices",2021,2021-01-01,102.230129
PRT,Portugal,Multifactor productivity (hours based),"Index = 2015, Current prices",2022,2022-01-01,107.699535
PRT,Portugal,Multifactor productivity (hours based),"Index = 2015, Current prices",2001,2001-01-01,102.399632
PRT,Portugal,Multifactor productivity (hours based),"Index = 2015, Current prices",2002,2002-01-01,101.668747
PRT,Portugal,Multifactor productivity (hours based),"Index = 2015, Current prices",2003,2003-01-01,100.462509
PRT,Portugal,Multifactor productivity (hours based),"Index = 2015, Current prices",2004,2004-01-01,101.309662
PRT,Portugal,Multifactor productivity (hours based),"Index = 2015, Current prices",2015,2015-01-01,100
PRT,Portugal,Multifactor productivity (hours based),"Index = 2015, Current prices",2007,2007-01-01,102.441969
PRT,Portugal,Multifactor productivity (hours based),"Index = 2015, Current prices",2008,2008-01-01,101.690666
PRT,Portugal,Multifactor productivity (hours based),"Index = 2015, Current prices",2009,2009-01-01,99.435999
ESP,Spain,Multifactor productivity (hours based),"Index = 2015, Current prices",2002,2002-01-01,100.179902
ESP,Spain,Multifactor productivity (hours based),"Index = 2015, Current prices",2003,2003-01-01,99.828627
ESP,Spain,Multifactor productivity (hours based),"Index = 2015, Current prices",2022,2022-01-01,101.762339
ESP,Spain,Multifactor productivity (hours based),"Index = 2015, Current prices",2013,2013-01-01,98.734518
ESP,Spain,Multifactor productivity (hours based),"Index = 2015, Current prices",2014,2014-01-01,98.889844
ESP,Spain,Multifactor productivity (hours based),"Index = 2015, Current prices",2016,2016-01-01,100.671188
ESP,Spain,Multifactor productivity (hours based),"Index = 2015, Current prices",2017,2017-01-01,101.616816
ESP,Spain,Multifactor productivity (hours based),"Index = 2015, Current prices",2004,2004-01-01,99.534054
ESP,Spain,Multifactor productivity (hours based),"Index = 2015, Current prices",2005,2005-01-01,99.379359
ESP,Spain,Multifactor productivity (hours based),"Index = 2015, Current prices",2006,2006-01-01,99.373429
ESP,Spain,Multifactor productivity (hours based),"Index = 2015, Current prices",2007,2007-01-01,99.541318
ESP,Spain,Multifactor productivity (hours based),"Index = 2015, Current prices",2008,2008-01-01,98.49857
GRC,Greece,Multifactor productivity (hours based),"Index = 2015, Current prices",2011,2011-01-01,103.099348
GRC,Greece,Multifactor productivity (hours based),"Index = 2015, Current prices",2012,2012-01-01,97.459462
GRC,Greece,Multifactor productivity (hours based),"Index = 2015, Current prices",2013,2013-01-01,96.001264
GRC,Greece,Multifactor productivity (hours based),"Index = 2015, Current prices",2014,2014-01-01,96.820991
GRC,Greece,Multifactor productivity (hours based),"Index = 2015, Current prices",2016,2016-01-01,97.626586
GRC,Greece,Multifactor productivity (hours based),"Index = 2015, Current prices",2017,2017-01-01,99.321407
GRC,Greece,Multifactor productivity (hours based),"Index = 2015, Current prices",2015,2015-01-01,100
GRC,Greece,Multifactor productivity (hours based),"Index = 2015, Current prices",1998,1998-01-01,110.28123
GRC,Greece,Multifactor productivity (hours based),"Index = 2015, Current prices",1999,1999-01-01,111.947505
GRC,Greece,Multifactor productivity (hours based),"Index = 2015, Current prices",2000,2000-01-01,113.954651
IRL,Ireland,Multifactor productivity (hours based),"Index = 2015, Current prices",2008,2008-01-01,99.776162
IRL,Ireland,Multifactor productivity (hours based),"Index = 2015, Current prices",2009,2009-01-01,100.975154
IRL,Ireland,Multifactor productivity (hours based),"Index = 2015, Current prices",2010,2010-01-01,104.268731
IRL,Ireland,Multifactor productivity (hours based),"Index = 2015, Current prices",2011,2011-01-01,105.419051
IRL,Ireland,Multifactor productivity (hours based),"Index = 2015, Current prices",2012,2012-01-01,103.949983
IRL,Ireland,Multifactor productivity (hours based),"Index = 2015, Current prices",2013,2013-01-01,100.979339
IRL,Ireland,Multifactor productivity (hours based),"Index = 2015, Current prices",2014,2014-01-01,105.436547
SWE,Sweden,Multifactor productivity (hours based),"Index = 2015, Current prices",2013,2013-01-01,96.930851
SWE,Sweden,Multifactor productivity (hours based),"Index = 2015, Current prices",2014,2014-01-01,97.785029
SWE,Sweden,Multifactor productivity (hours based),"Index = 2015, Current prices",2016,2016-01-01,99.238594
SWE,Sweden,Multifactor productivity (hours based),"Index = 2015, Current prices",2017,2017-01-01,99.443217
SWE,Sweden,Multifactor productivity (hours based),"Index = 2015, Current prices",2018,2018-01-01,99.272098
SWE,Sweden,Multifactor productivity (hours based),"Index = 2015, Current prices",1998,1998-01-01,87.392835
SWE,Sweden,Multifactor productivity (hours based),"Index = 2015, Current prices",1999,1999-01-01,87.946404
SWE,Sweden,Multifactor productivity (hours based),"Index = 2015, Current prices",2000,2000-01-01,89.720846
SWE,Sweden,Multifactor productivity (hours based),"Index = 2015, Current prices",2001,2001-01-01,89.287295
CHE,Switzerland,Multifactor productivity (hours based),"Index = 2015, Current prices",2003,2003-01-01,95.056929
CHE,Switzerland,Multifactor productivity (hours based),"Index = 2015, Current prices",2004,2004-01-01,95.190147
CHE,Switzerland,Multifactor productivity (hours based),"Index = 2015, Current prices",2019,2019-01-01,103.131579
CHE,Switzerland,Multifactor productivity (hours based),"Index = 2015, Current prices",2020,2020-01-01,103.083123
CHE,Switzerland,Multifactor productivity (hours based),"Index = 2015, Current prices",2021,2021-01-01,105.615069
CHE,Switzerland,Multifactor productivity (hours based),"Index = 2015, Current prices",2022,2022-01-01,106.472695
CHE,Switzerland,Multifactor productivity (hours based),"Index = 2015, Current prices",2015,2015-01-01,100
CHE,Switzerland,Multifactor productivity (hours based),"Index = 2015, Current prices",2005,2005-01-01,96.485687
CHE,Switzerland,Multifactor productivity (hours based),"Index = 2015, Current prices",2006,2006-01-01,98.140705
CHE,Switzerland,Multifactor productivity (hours based),"Index = 2015, Current prices",2007,2007-01-01,99.192562
CHE,Switzerland,Multifactor productivity (hours based),"Index = 2015, Current prices",2008,2008-01-01,99.387757
CHE,Switzerland,Multifactor productivity (hours based),"Index = 2015, Current prices",2009,2009-01-01,96.234287
CHE,Switzerland,Multifactor productivity (hours based),"Index = 2015, Current prices",2010,2010-01-01,99.889979
CHE,Switzerland,Multifactor productivity (hours based),"Index = 2015, Current prices",2011,2011-01-01,99.291669
CHE,Switzerland,Multifactor productivity (hours based),"Index = 2015, Current prices",2012,2012-01-01,99.043803
CHE,Switzerland,Multifactor productivity (hours based),"Index = 2015, Current prices",2013,2013-01-01,100.066696
CHE,Switzerland,Multifactor productivity (hours based),"Index = 2015, Current prices",2014,2014-01-01,100.716256
CHE,Switzerland,Multifactor productivity (hours based),"Index = 2015, Current prices",2016,2016-01-01,100.371094
CHE,Switzerland,Multifactor productivity (hours based),"Index = 2015, Current prices",2017,2017-01-01,101.135362
CHE,Switzerland,Multifactor productivity (hours based),"Index = 2015, Current prices",2018,2018-01-01,102.977889
CHE,Switzerland,Multifactor productivity (hours based),"Index = 2015, Current prices",1998,1998-01-01,96.29084
CHE,Switzerland,Multifactor productivity (hours based),"Index = 2015, Current prices",1999,1999-01-01,94.888289
CHE,Switzerland,Multifactor productivity (hours based),"Index = 2015, Current prices",2000,2000-01-01,96.634171
CHE,Switzerland,Multifactor productivity (hours based),"Index = 2015, Current prices",2001,2001-01-01,97.286914
GBR,United Kingdom,Multifactor productivity (hours based),"Index = 2015, Current prices",2003,2003-01-01,97.714434
GBR,United Kingdom,Multifactor productivity (hours based),"Index = 2015, Current prices",2004,2004-01-01,98.74812
GBR,United Kingdom,Multifactor productivity (hours based),"Index = 2015, Current prices",2019,2019-01-01,100.913547
GBR,United Kingdom,Multifactor productivity (hours based),"Index = 2015, Current prices",2020,2020-01-01,99.42386
GBR,United Kingdom,Multifactor productivity (hours based),"Index = 2015, Current prices",2021,2021-01-01,100.448266
GBR,United Kingdom,Multifactor productivity (hours based),"Index = 2015, Current prices",2022,2022-01-01,101.636967
GBR,United Kingdom,Multifactor productivity (hours based),"Index = 2015, Current prices",2015,2015-01-01,100
GBR,United Kingdom,Multifactor productivity (hours based),"Index = 2015, Current prices",2005,2005-01-01,99.454346
GBR,United Kingdom,Multifactor productivity (hours based),"Index = 2015, Current prices",2006,2006-01-01,100.824493
GBR,United Kingdom,Multifactor productivity (hours based),"Index = 2015, Current prices",2007,2007-01-01,101.856818
GBR,United Kingdom,Multifactor productivity (hours based),"Index = 2015, Current prices",2008,2008-01-01,101.146572
GBR,United Kingdom,Multifactor productivity (hours based),"Index = 2015, Current prices",2009,2009-01-01,97.561725
GBR,United Kingdom,Multifactor productivity (hours based),"Index = 2015, Current prices",2010,2010-01-01,99.356131
GBR,United Kingdom,Multifactor productivity (hours based),"Index = 2015, Current prices",2011,2011-01-01,99.09866
GBR,United Kingdom,Multifactor productivity (hours based),"Index = 2015, Current prices",2012,2012-01-01,98.4027
GBR,United Kingdom,Multifactor productivity (hours based),"Index = 2015, Current prices",2013,2013-01-01,98.596809
GBR,United Kingdom,Multifactor productivity (hours based),"Index = 2015, Current prices",2014,2014-01-01,98.887704
GBR,United Kingdom,Multifactor productivity (hours based),"Index = 2015, Current prices",2016,2016-01-01,99.30656
GBR,United Kingdom,Multifactor productivity (hours based),"Index = 2015, Current prices",2017,2017-01-01,100.831306
GBR,United Kingdom,Multifactor productivity (hours based),"Index = 2015, Current prices",2018,2018-01-01,100.698614
GBR,United Kingdom,Multifactor productivity (hours based),"Index = 2015, Current prices",1998,1998-01-01,88.424968
GBR,United Kingdom,Multifactor productivity (hours based),"Index = 2015, Current prices",1999,1999-01-01,90.199226
GBR,United Kingdom,Multifactor productivity (hours based),"Index = 2015, Current prices",2000,2000-01-01,93.228664
GBR,United Kingdom,Multifactor productivity (hours based),"Index = 2015, Current prices",2001,2001-01-01,94.168707
USA,United States,Multifactor productivity (hours based),"Index = 2015, Current prices",2003,2003-01-01,91.79084
USA,United States,Multifactor productivity (hours based),"Index = 2015, Current prices",2004,2004-01-01,93.583482
USA,United States,Multifactor productivity (hours based),"Index = 2015, Current prices",2019,2019-01-01,102.547619
USA,United States,Multifactor productivity (hours based),"Index = 2015, Current prices",2020,2020-01-01,104.636376
USA,United States,Multifactor productivity (hours based),"Index = 2015, Current prices",2021,2021-01-01,106.38503
USA,United States,Multifactor productivity (hours based),"Index = 2015, Current prices",2022,2022-01-01,104.712563
USA,United States,Multifactor productivity (hours based),"Index = 2015, Current prices",2015,2015-01-01,100
USA,United States,Multifactor productivity (hours based),"Index = 2015, Current prices",2005,2005-01-01,94.888457
USA,United States,Multifactor productivity (hours based),"Index = 2015, Current prices",2006,2006-01-01,95.161494
USA,United States,Multifactor productivity (hours based),"Index = 2015, Current prices",2007,2007-01-01,95.638474
USA,United States,Multifactor productivity (hours based),"Index = 2015, Current prices",2008,2008-01-01,95.708019
USA,United States,Multifactor productivity (hours based),"Index = 2015, Current prices",2009,2009-01-01,96.739869
USA,United States,Multifactor productivity (hours based),"Index = 2015, Current prices",2010,2010-01-01,98.661878
USA,United States,Multifactor productivity (hours based),"Index = 2015, Current prices",2011,2011-01-01,98.453443
USA,United States,Multifactor productivity (hours based),"Index = 2015, Current prices",2012,2012-01-01,98.584162
USA,United States,Multifactor productivity (hours based),"Index = 2015, Current prices",2013,2013-01-01,98.916758
USA,United States,Multifactor productivity (hours based),"Index = 2015, Current prices",2014,2014-01-01,99.241188
USA,United States,Multifactor productivity (hours based),"Index = 2015, Current prices",2016,2016-01-01,100.063686
USA,United States,Multifactor productivity (hours based),"Index = 2015, Current prices",2017,2017-01-01,100.796594
USA,United States,Multifactor productivity (hours based),"Index = 2015, Current prices",2018,2018-01-01,101.705054
USA,United States,Multifactor productivity (hours based),"Index = 2015, Current prices",1998,1998-01-01,85.292532
USA,United States,Multifactor productivity (hours based),"Index = 2015, Current prices",1999,1999-01-01,86.686557
USA,United States,Multifactor productivity (hours based),"Index = 2015, Current prices",2000,2000-01-01,87.91901
USA,United States,Multifactor productivity (hours based),"Index = 2015, Current prices",2001,2001-01-01,88.505903
AUS,Australia,Multifactor productivity (hours based),"Index = 2015, Current prices",2004,2004-01-01,96.610937
AUT,Austria,Multifactor productivity (hours based),"Index = 2015, Current prices",2001,2001-01-01,93.516755
BEL,Belgium,Multifactor productivity (hours based),"Index = 2015, Current prices",2007,2007-01-01,101.602939
CAN,Canada,Multifactor productivity (hours based),"Index = 2015, Current prices",2001,2001-01-01,96.165501
DNK,Denmark,Multifactor productivity (hours based),"Index = 2015, Current prices",2001,2001-01-01,96.00925
FIN,Finland,Multifactor productivity (hours based),"Index = 2015, Current prices",2005,2005-01-01,100.240629
FRA,France,Multifactor productivity (hours based),"Index = 2015, Current prices",2001,2001-01-01,97.099576
DEU,Germany,Multifactor productivity (hours based),"Index = 2015, Current prices",2001,2001-01-01,93.994976
GRC,Greece,Multifactor productivity (hours based),"Index = 2015, Current prices",2001,2001-01-01,116.537928
IRL,Ireland,Multifactor productivity (hours based),"Index = 2015, Current prices",2007,2007-01-01,104.09184
ISR,Israel,Multifactor productivity (hours based),"Index = 2015, Current prices",2001,2001-01-01,91.060615
LUX,Luxembourg,Multifactor productivity (hours based),"Index = 2015, Current prices",2010,2010-01-01,103.611759
LUX,Luxembourg,Multifactor productivity (hours based),"Index = 2015, Current prices",2011,2011-01-01,101.319534
LUX,Luxembourg,Multifactor productivity (hours based),"Index = 2015, Current prices",2012,2012-01-01,100.254493
LUX,Luxembourg,Multifactor productivity (hours based),"Index = 2015, Current prices",2013,2013-01-01,101.441978
LUX,Luxembourg,Multifactor productivity (hours based),"Index = 2015, Current prices",2014,2014-01-01,100.821536
LUX,Luxembourg,Multifactor productivity (hours based),"Index = 2015, Current prices",2016,2016-01-01,101.954971
LUX,Luxembourg,Multifactor productivity (hours based),"Index = 2015, Current prices",2017,2017-01-01,100.238772
LUX,Luxembourg,Multifactor productivity (hours based),"Index = 2015, Current prices",2018,2018-01-01,98.525175
LUX,Luxembourg,Multifactor productivity (hours based),"Index = 2015, Current prices",1998,1998-01-01,101.441021
LUX,Luxembourg,Multifactor productivity (hours based),"Index = 2015, Current prices",1999,1999-01-01,104.012686
LUX,Luxembourg,Multifactor productivity (hours based),"Index = 2015, Current prices",2000,2000-01-01,104.835183
LUX,Luxembourg,Multifactor productivity (hours based),"Index = 2015, Current prices",2001,2001-01-01,102.354505
NLD,Netherlands,Multifactor productivity (hours based),"Index = 2015, Current prices",2003,2003-01-01,97.680591
NLD,Netherlands,Multifactor productivity (hours based),"Index = 2015, Current prices",2004,2004-01-01,99.439962
NLD,Netherlands,Multifactor productivity (hours based),"Index = 2015, Current prices",2019,2019-01-01,100.621602
NLD,Netherlands,Multifactor productivity (hours based),"Index = 2015, Current prices",2020,2020-01-01,98.97427
NLD,Netherlands,Multifactor productivity (hours based),"Index = 2015, Current prices",2021,2021-01-01,102.727249
NLD,Netherlands,Multifactor productivity (hours based),"Index = 2015, Current prices",2022,2022-01-01,103.556375
NLD,Netherlands,Multifactor productivity (hours based),"Index = 2015, Current prices",2015,2015-01-01,100
NLD,Netherlands,Multifactor productivity (hours based),"Index = 2015, Current prices",2005,2005-01-01,100.765991
NLD,Netherlands,Multifactor productivity (hours based),"Index = 2015, Current prices",2006,2006-01-01,101.751256
NLD,Netherlands,Multifactor productivity (hours based),"Index = 2015, Current prices",2007,2007-01-01,101.810709
KOR,Korea,Multifactor productivity (hours based),"Index = 2015, Current prices",2014,2014-01-01,99.55066
LUX,Luxembourg,Multifactor productivity (hours based),"Index = 2015, Current prices",2002,2002-01-01,102.598387
NLD,Netherlands,Multifactor productivity (hours based),"Index = 2015, Current prices",2002,2002-01-01,97.300051
NZL,New Zealand,Multifactor productivity (hours based),"Index = 2015, Current prices",2001,2001-01-01,96.802753
NOR,Norway,Multifactor productivity (hours based),"Index = 2015, Current prices",2001,2001-01-01,103.514296
PRT,Portugal,Multifactor productivity (hours based),"Index = 2015, Current prices",2010,2010-01-01,101.040337
ESP,Spain,Multifactor productivity (hours based),"Index = 2015, Current prices",2001,2001-01-01,100.662648
SWE,Sweden,Multifactor productivity (hours based),"Index = 2015, Current prices",2002,2002-01-01,91.16512
CHE,Switzerland,Multifactor productivity (hours based),"Index = 2015, Current prices",2002,2002-01-01,96.354783
GBR,United Kingdom,Multifactor productivity (hours based),"Index = 2015, Current prices",2002,2002-01-01,95.58239
USA,United States,Multifactor productivity (hours based),"Index = 2015, Current prices",2002,2002-01-01,89.908006
ESP,Spain,Multifactor productivity (hours based),"Index = 2015, Current prices",2009,2009-01-01,98.196233
ESP,Spain,Multifactor productivity (hours based),"Index = 2015, Current prices",2010,2010-01-01,99.039402
ESP,Spain,Multifactor productivity (hours based),"Index = 2015, Current prices",2011,2011-01-01,99.014489
ESP,Spain,Multifactor productivity (hours based),"Index = 2015, Current prices",2012,2012-01-01,98.727716
ESP,Spain,Multifactor productivity (hours based),"Index = 2015, Current prices",2018,2018-01-01,101.594634
ESP,Spain,Multifactor productivity (hours based),"Index = 2015, Current prices",2019,2019-01-01,102.072659
ESP,Spain,Multifactor productivity (hours based),"Index = 2015, Current prices",2020,2020-01-01,98.637026
ESP,Spain,Multifactor productivity (hours based),"Index = 2015, Current prices",2021,2021-01-01,99.395325
ESP,Spain,Multifactor productivity (hours based),"Index = 2015, Current prices",2015,2015-01-01,100
ESP,Spain,Multifactor productivity (hours based),"Index = 2015, Current prices",1998,1998-01-01,101.453343
ESP,Spain,Multifactor productivity (hours based),"Index = 2015, Current prices",1999,1999-01-01,100.787845
ESP,Spain,Multifactor productivity (hours based),"Index = 2015, Current prices",2000,2000-01-01,100.957613
SWE,Sweden,Multifactor productivity (hours based),"Index = 2015, Current prices",2003,2003-01-01,93.095443
SWE,Sweden,Multifactor productivity (hours based),"Index = 2015, Current prices",2004,2004-01-01,95.499131
SWE,Sweden,Multifactor productivity (hours based),"Index = 2015, Current prices",2019,2019-01-01,100.585088
SWE,Sweden,Multifactor productivity (hours based),"Index = 2015, Current prices",2020,2020-01-01,99.684493
SWE,Sweden,Multifactor productivity (hours based),"Index = 2015, Current prices",2021,2021-01-01,102.677143
SWE,Sweden,Multifactor productivity (hours based),"Index = 2015, Current prices",2022,2022-01-01,102.304615
SWE,Sweden,Multifactor productivity (hours based),"Index = 2015, Current prices",2015,2015-01-01,100
SWE,Sweden,Multifactor productivity (hours based),"Index = 2015, Current prices",2005,2005-01-01,97.020628
SWE,Sweden,Multifactor productivity (hours based),"Index = 2015, Current prices",2006,2006-01-01,99.094338
SWE,Sweden,Multifactor productivity (hours based),"Index = 2015, Current prices",2007,2007-01-01,99.087127
SWE,Sweden,Multifactor productivity (hours based),"Index = 2015, Current prices",2008,2008-01-01,96.595635
SWE,Sweden,Multifactor productivity (hours based),"Index = 2015, Current prices",2009,2009-01-01,93.845644
SWE,Sweden,Multifactor productivity (hours based),"Index = 2015, Current prices",2010,2010-01-01,97.190305
