"iso3","country","measure","source","unit","year","year_date","obs_value"
"DNK","Denmark","GDP","OECD","USDm","2016","2016-01-01","296830.912"
"DNK","Denmark","GDP","OECD","USDm","2017","2017-01-01","318639.663"
"DNK","Denmark","GDP","OECD","USDm","2018","2018-01-01","331590.774"
"DNK","Denmark","GDP","OECD","USDm","2019","2019-01-01","352324.7"
"DNK","Denmark","GDP","OECD","USDm","2020","2020-01-01","365525.766"
"DNK","Denmark","GDP","OECD","USDm","2021","2021-01-01","411976.185"
"DNK","Denmark","GDP","OECD","USDm","2022","2022-01-01","462208.464"
"DNK","Denmark","GDP","OECD","USDm","2023","2023-01-01","459323.638"
"EST","Estonia","GDP","OECD","USDm","2016","2016-01-01","42036.589"
"EST","Estonia","GDP","OECD","USDm","2017","2017-01-01","45458.516"
"EST","Estonia","GDP","OECD","USDm","2018","2018-01-01","49073.116"
"EST","Estonia","GDP","OECD","USDm","2019","2019-01-01","53853.948"
"EST","Estonia","GDP","OECD","USDm","2020","2020-01-01","54066.56"
"EST","Estonia","GDP","OECD","USDm","2021","2021-01-01","59964.585"
"EST","Estonia","GDP","OECD","USDm","2022","2022-01-01","65431.142"
"EST","Estonia","GDP","OECD","USDm","2023","2023-01-01","67820.224"
"FIN","Finland","GDP","OECD","USDm","2016","2016-01-01","246928.493"
"FIN","Finland","GDP","OECD","USDm","2017","2017-01-01","262026.563"
"FIN","Finland","GDP","OECD","USDm","2018","2018-01-01","273455.993"
"FIN","Finland","GDP","OECD","USDm","2019","2019-01-01","290269.755"
"FIN","Finland","GDP","OECD","USDm","2020","2020-01-01","296764.001"
"FIN","Finland","GDP","OECD","USDm","2021","2021-01-01","320209.119"
"FIN","Finland","GDP","OECD","USDm","2022","2022-01-01","347806.828"
"FIN","Finland","GDP","OECD","USDm","2023","2023-01-01","359723.562"
"FRA","France","GDP","OECD","USDm","2016","2016-01-01","2861144.26"
"FRA","France","GDP","OECD","USDm","2017","2017-01-01","2975789.613"
"FRA","France","GDP","OECD","USDm","2018","2018-01-01","3114875.553"
"FRA","France","GDP","OECD","USDm","2019","2019-01-01","3445275.346"
"FRA","France","GDP","OECD","USDm","2020","2020-01-01","3345026.271"
"FRA","France","GDP","OECD","USDm","2021","2021-01-01","3656802.427"
"FRA","France","GDP","OECD","USDm","2022","2022-01-01","3938987.446"
"FRA","France","GDP","OECD","USDm","2023","2023-01-01","4197859.16"
"DEU","Germany","GDP","OECD","USDm","2016","2016-01-01","4165169.905"
"DEU","Germany","GDP","OECD","USDm","2017","2017-01-01","4386729.188"
"DEU","Germany","GDP","OECD","USDm","2018","2018-01-01","4576056.532"
"DEU","Germany","GDP","OECD","USDm","2019","2019-01-01","4840311.774"
"DEU","Germany","GDP","OECD","USDm","2020","2020-01-01","4815444.969"
"DEU","Germany","GDP","OECD","USDm","2021","2021-01-01","5153137.09"
"DEU","Germany","GDP","OECD","USDm","2022","2022-01-01","5582292.074"
"DEU","Germany","GDP","OECD","USDm","2023","2023-01-01","5859344.559"
"ISR","Israel","GDP","OECD","USDm","2016","2016-01-01","326365.734"
"ISR","Israel","GDP","OECD","USDm","2017","2017-01-01","343928.459"
"ISR","Israel","GDP","OECD","USDm","2018","2018-01-01","357009.212"
"ISR","Israel","GDP","OECD","USDm","2019","2019-01-01","374434.015"
"ISR","Israel","GDP","OECD","USDm","2020","2020-01-01","379637.735"
"ISR","Israel","GDP","OECD","USDm","2021","2021-01-01","435871.997"
"ISR","Israel","GDP","OECD","USDm","2022","2022-01-01","500821.588"
"ISR","Israel","GDP","OECD","USDm","2023","2023-01-01","525132.362"
"ITA","Italy","GDP","OECD","USDm","2016","2016-01-01","2420672.1"
"ITA","Italy","GDP","OECD","USDm","2017","2017-01-01","2517184.5"
"ITA","Italy","GDP","OECD","USDm","2018","2018-01-01","2600326.9"
"ITA","Italy","GDP","OECD","USDm","2019","2019-01-01","2775612.6"
"ITA","Italy","GDP","OECD","USDm","2020","2020-01-01","2627330.1"
"ITA","Italy","GDP","OECD","USDm","2021","2021-01-01","2950840.2"
"ITA","Italy","GDP","OECD","USDm","2022","2022-01-01","3295257.3"
"ITA","Italy","GDP","OECD","USDm","2023","2023-01-01","3452506"
"NLD","Netherlands","GDP","OECD","USDm","2016","2016-01-01","905370.742"
"NLD","Netherlands","GDP","OECD","USDm","2017","2017-01-01","959996.091"
"NLD","Netherlands","GDP","OECD","USDm","2018","2018-01-01","1013551.966"
"NLD","Netherlands","GDP","OECD","USDm","2019","2019-01-01","1081370.591"
"NLD","Netherlands","GDP","OECD","USDm","2020","2020-01-01","1091779.035"
"NLD","Netherlands","GDP","OECD","USDm","2021","2021-01-01","1215449.018"
"NLD","Netherlands","GDP","OECD","USDm","2022","2022-01-01","1368013.596"
"NLD","Netherlands","GDP","OECD","USDm","2023","2023-01-01","1443766.59"
"NOR","Norway","GDP","OECD","USDm","2016","2016-01-01","310303.322"
"NOR","Norway","GDP","OECD","USDm","2017","2017-01-01","340837.014"
"NOR","Norway","GDP","OECD","USDm","2018","2018-01-01","373182.531"
"NOR","Norway","GDP","OECD","USDm","2019","2019-01-01","379377.628"
"NOR","Norway","GDP","OECD","USDm","2020","2020-01-01","361019.83"
"NOR","Norway","GDP","OECD","USDm","2021","2021-01-01","482471.586"
"NOR","Norway","GDP","OECD","USDm","2022","2022-01-01","678063.523"
"NOR","Norway","GDP","OECD","USDm","2023","2023-01-01","576335.269"
"KOR","Republic of Korea","GDP","OECD","USDm","2016","2016-01-01","2026967.822"
"KOR","Republic of Korea","GDP","OECD","USDm","2017","2017-01-01","2103651.26"
"KOR","Republic of Korea","GDP","OECD","USDm","2018","2018-01-01","2220442.286"
"KOR","Republic of Korea","GDP","OECD","USDm","2019","2019-01-01","2270666.071"
"KOR","Republic of Korea","GDP","OECD","USDm","2020","2020-01-01","2340031.074"
"KOR","Republic of Korea","GDP","OECD","USDm","2021","2021-01-01","2514520.655"
"KOR","Republic of Korea","GDP","OECD","USDm","2022","2022-01-01","2667437.703"
"KOR","Republic of Korea","GDP","OECD","USDm","2023","2023-01-01","2794196.342"
"SGP","Singapore","GDP","OECD","USDm","2016","2016-01-01","503132.801"
"SGP","Singapore","GDP","OECD","USDm","2017","2017-01-01","536714.452"
"SGP","Singapore","GDP","OECD","USDm","2018","2018-01-01","585820.555"
"SGP","Singapore","GDP","OECD","USDm","2019","2019-01-01","601866.111"
"SGP","Singapore","GDP","OECD","USDm","2020","2020-01-01","575934.431"
"SGP","Singapore","GDP","OECD","USDm","2021","2021-01-01","719133.066"
"SGP","Singapore","GDP","OECD","USDm","2022","2022-01-01","799310"
"SGP","Singapore","GDP","OECD","USDm","2023","2023-01-01","837348.5"
"ESP","Spain","GDP","OECD","USDm","2016","2016-01-01","1734116.161"
"ESP","Spain","GDP","OECD","USDm","2017","2017-01-01","1842770.464"
"ESP","Spain","GDP","OECD","USDm","2018","2018-01-01","1905450.021"
"ESP","Spain","GDP","OECD","USDm","2019","2019-01-01","2061661.816"
"ESP","Spain","GDP","OECD","USDm","2020","2020-01-01","1845714.544"
"ESP","Spain","GDP","OECD","USDm","2021","2021-01-01","2068304.39"
"ESP","Spain","GDP","OECD","USDm","2022","2022-01-01","2326110.576"
"ESP","Spain","GDP","OECD","USDm","2023","2023-01-01","2553109.781"
"SWE","Sweden","GDP","OECD","USDm","2016","2016-01-01","499029.63"
"SWE","Sweden","GDP","OECD","USDm","2017","2017-01-01","517711.142"
"SWE","Sweden","GDP","OECD","USDm","2018","2018-01-01","540532.207"
"SWE","Sweden","GDP","OECD","USDm","2019","2019-01-01","586373.957"
"SWE","Sweden","GDP","OECD","USDm","2020","2020-01-01","595211.787"
"SWE","Sweden","GDP","OECD","USDm","2021","2021-01-01","657493.887"
"SWE","Sweden","GDP","OECD","USDm","2022","2022-01-01","701321.425"
"SWE","Sweden","GDP","OECD","USDm","2023","2023-01-01","729382.98"
"CHE","Switzerland","GDP","OECD","USDm","2016","2016-01-01","563950.47"
"CHE","Switzerland","GDP","OECD","USDm","2017","2017-01-01","576360.576"
"CHE","Switzerland","GDP","OECD","USDm","2018","2018-01-01","601868.008"
"CHE","Switzerland","GDP","OECD","USDm","2019","2019-01-01","632274.548"
"CHE","Switzerland","GDP","OECD","USDm","2020","2020-01-01","630567.343"
"CHE","Switzerland","GDP","OECD","USDm","2021","2021-01-01","710318.657"
"CHE","Switzerland","GDP","OECD","USDm","2022","2022-01-01","796369.1"
"CHE","Switzerland","GDP","OECD","USDm","2023","2023-01-01","822862.418"
"GBR","United Kingdom","GDP","OECD","USDm","2016","2016-01-01","2892299.174"
"GBR","United Kingdom","GDP","OECD","USDm","2017","2017-01-01","3041891.843"
"GBR","United Kingdom","GDP","OECD","USDm","2018","2018-01-01","3129647.768"
"GBR","United Kingdom","GDP","OECD","USDm","2019","2019-01-01","3335878.327"
"GBR","United Kingdom","GDP","OECD","USDm","2020","2020-01-01","3220295.94"
"GBR","United Kingdom","GDP","OECD","USDm","2021","2021-01-01","3541780.669"
"GBR","United Kingdom","GDP","OECD","USDm","2022","2022-01-01","3847919.387"
"GBR","United Kingdom","GDP","OECD","USDm","2023","2023-01-01","4026238.627"
"USA","United States of America","GDP","OECD","USDm","2016","2016-01-01","18804913"
"USA","United States of America","GDP","OECD","USDm","2017","2017-01-01","19612102"
"USA","United States of America","GDP","OECD","USDm","2018","2018-01-01","20656516"
"USA","United States of America","GDP","OECD","USDm","2019","2019-01-01","21521395"
"USA","United States of America","GDP","OECD","USDm","2020","2020-01-01","21322950"
"USA","United States of America","GDP","OECD","USDm","2021","2021-01-01","23594031"
"USA","United States of America","GDP","OECD","USDm","2022","2022-01-01","25744108"
"USA","United States of America","GDP","OECD","USDm","2023","2023-01-01","27348000"
"DNK","Denmark","population","UN World Population Prospects 2024","population","2016","2016-01-01","5707422"
"DNK","Denmark","population","UN World Population Prospects 2024","population","2017","2017-01-01","5748980"
"DNK","Denmark","population","UN World Population Prospects 2024","population","2018","2018-01-01","5781356"
"DNK","Denmark","population","UN World Population Prospects 2024","population","2019","2019-01-01","5806293"
"DNK","Denmark","population","UN World Population Prospects 2024","population","2020","2020-01-01","5822944"
"DNK","Denmark","population","UN World Population Prospects 2024","population","2021","2021-01-01","5840116"
"DNK","Denmark","population","UN World Population Prospects 2024","population","2022","2022-01-01","5873437"
"DNK","Denmark","population","UN World Population Prospects 2024","population","2023","2023-01-01","5932370"
"EST","Estonia","population","UN World Population Prospects 2024","population","2016","2016-01-01","1315992"
"EST","Estonia","population","UN World Population Prospects 2024","population","2017","2017-01-01","1315706"
"EST","Estonia","population","UN World Population Prospects 2024","population","2018","2018-01-01","1319143"
"EST","Estonia","population","UN World Population Prospects 2024","population","2019","2019-01-01","1324786"
"EST","Estonia","population","UN World Population Prospects 2024","population","2020","2020-01-01","1328857"
"EST","Estonia","population","UN World Population Prospects 2024","population","2021","2021-01-01","1330482"
"EST","Estonia","population","UN World Population Prospects 2024","population","2022","2022-01-01","1333017"
"EST","Estonia","population","UN World Population Prospects 2024","population","2023","2023-01-01","1367166"
"FIN","Finland","population","UN World Population Prospects 2024","population","2016","2016-01-01","5487446"
"FIN","Finland","population","UN World Population Prospects 2024","population","2017","2017-01-01","5503492"
"FIN","Finland","population","UN World Population Prospects 2024","population","2018","2018-01-01","5513300"
"FIN","Finland","population","UN World Population Prospects 2024","population","2019","2019-01-01","5518173"
"FIN","Finland","population","UN World Population Prospects 2024","population","2020","2020-01-01","5525345"
"FIN","Finland","population","UN World Population Prospects 2024","population","2021","2021-01-01","5533879"
"FIN","Finland","population","UN World Population Prospects 2024","population","2022","2022-01-01","5548271"
"FIN","Finland","population","UN World Population Prospects 2024","population","2023","2023-01-01","5590327"
"FRA","France","population","UN World Population Prospects 2024","population","2016","2016-01-01","65001118"
"FRA","France","population","UN World Population Prospects 2024","population","2017","2017-01-01","65172593"
"FRA","France","population","UN World Population Prospects 2024","population","2018","2018-01-01","65396959"
"FRA","France","population","UN World Population Prospects 2024","population","2019","2019-01-01","65642126"
"FRA","France","population","UN World Population Prospects 2024","population","2020","2020-01-01","65816792"
"FRA","France","population","UN World Population Prospects 2024","population","2021","2021-01-01","65993763"
"FRA","France","population","UN World Population Prospects 2024","population","2022","2022-01-01","66173332"
"FRA","France","population","UN World Population Prospects 2024","population","2023","2023-01-01","66381485"
"DEU","Germany","population","UN World Population Prospects 2024","population","2016","2016-01-01","82565636"
"DEU","Germany","population","UN World Population Prospects 2024","population","2017","2017-01-01","82954569"
"DEU","Germany","population","UN World Population Prospects 2024","population","2018","2018-01-01","83253445"
"DEU","Germany","population","UN World Population Prospects 2024","population","2019","2019-01-01","83483566"
"DEU","Germany","population","UN World Population Prospects 2024","population","2020","2020-01-01","83634807"
"DEU","Germany","population","UN World Population Prospects 2024","population","2021","2021-01-01","83622610"
"DEU","Germany","population","UN World Population Prospects 2024","population","2022","2022-01-01","83771555"
"DEU","Germany","population","UN World Population Prospects 2024","population","2023","2023-01-01","84400899"
"ISR","Israel","population","UN World Population Prospects 2024","population","2016","2016-01-01","8131997"
"ISR","Israel","population","UN World Population Prospects 2024","population","2017","2017-01-01","8288014"
"ISR","Israel","population","UN World Population Prospects 2024","population","2018","2018-01-01","8435579"
"ISR","Israel","population","UN World Population Prospects 2024","population","2019","2019-01-01","8584554"
"ISR","Israel","population","UN World Population Prospects 2024","population","2020","2020-01-01","8730394"
"ISR","Israel","population","UN World Population Prospects 2024","population","2021","2021-01-01","8870358"
"ISR","Israel","population","UN World Population Prospects 2024","population","2022","2022-01-01","9015491"
"ISR","Israel","population","UN World Population Prospects 2024","population","2023","2023-01-01","9190811"
"ITA","Italy","population","UN World Population Prospects 2024","population","2016","2016-01-01","60511606"
"ITA","Italy","population","UN World Population Prospects 2024","population","2017","2017-01-01","60444609"
"ITA","Italy","population","UN World Population Prospects 2024","population","2018","2018-01-01","60336027"
"ITA","Italy","population","UN World Population Prospects 2024","population","2019","2019-01-01","60218970"
"ITA","Italy","population","UN World Population Prospects 2024","population","2020","2020-01-01","60041302"
"ITA","Italy","population","UN World Population Prospects 2024","population","2021","2021-01-01","59784236"
"ITA","Italy","population","UN World Population Prospects 2024","population","2022","2022-01-01","59674464"
"ITA","Italy","population","UN World Population Prospects 2024","population","2023","2023-01-01","59563765"
"NLD","Netherlands","population","UN World Population Prospects 2024","population","2016","2016-01-01","17147873"
"NLD","Netherlands","population","UN World Population Prospects 2024","population","2017","2017-01-01","17261513"
"NLD","Netherlands","population","UN World Population Prospects 2024","population","2018","2018-01-01","17369227"
"NLD","Netherlands","population","UN World Population Prospects 2024","population","2019","2019-01-01","17473332"
"NLD","Netherlands","population","UN World Population Prospects 2024","population","2020","2020-01-01","17601682"
"NLD","Netherlands","population","UN World Population Prospects 2024","population","2021","2021-01-01","17671780"
"NLD","Netherlands","population","UN World Population Prospects 2024","population","2022","2022-01-01","17789347"
"NLD","Netherlands","population","UN World Population Prospects 2024","population","2023","2023-01-01","18019495"
"NOR","Norway","population","UN World Population Prospects 2024","population","2016","2016-01-01","5213819"
"NOR","Norway","population","UN World Population Prospects 2024","population","2017","2017-01-01","5258147"
"NOR","Norway","population","UN World Population Prospects 2024","population","2018","2018-01-01","5295458"
"NOR","Norway","population","UN World Population Prospects 2024","population","2019","2019-01-01","5328047"
"NOR","Norway","population","UN World Population Prospects 2024","population","2020","2020-01-01","5367414"
"NOR","Norway","population","UN World Population Prospects 2024","population","2021","2021-01-01","5391133"
"NOR","Norway","population","UN World Population Prospects 2024","population","2022","2022-01-01","5425048"
"NOR","Norway","population","UN World Population Prospects 2024","population","2023","2023-01-01","5488555"
"KOR","Republic of Korea","population","UN World Population Prospects 2024","population","2016","2016-01-01","51195032"
"KOR","Republic of Korea","population","UN World Population Prospects 2024","population","2017","2017-01-01","51400646"
"KOR","Republic of Korea","population","UN World Population Prospects 2024","population","2018","2018-01-01","51571895"
"KOR","Republic of Korea","population","UN World Population Prospects 2024","population","2019","2019-01-01","51709893"
"KOR","Republic of Korea","population","UN World Population Prospects 2024","population","2020","2020-01-01","51825799"
"KOR","Republic of Korea","population","UN World Population Prospects 2024","population","2021","2021-01-01","51891164"
"KOR","Republic of Korea","population","UN World Population Prospects 2024","population","2022","2022-01-01","51805631"
"KOR","Republic of Korea","population","UN World Population Prospects 2024","population","2023","2023-01-01","51759392"
"SGP","Singapore","population","UN World Population Prospects 2024","population","2016","2016-01-01","5559088"
"SGP","Singapore","population","UN World Population Prospects 2024","population","2017","2017-01-01","5596771"
"SGP","Singapore","population","UN World Population Prospects 2024","population","2018","2018-01-01","5611386"
"SGP","Singapore","population","UN World Population Prospects 2024","population","2019","2019-01-01","5657353"
"SGP","Singapore","population","UN World Population Prospects 2024","population","2020","2020-01-01","5681772"
"SGP","Singapore","population","UN World Population Prospects 2024","population","2021","2021-01-01","5558529"
"SGP","Singapore","population","UN World Population Prospects 2024","population","2022","2022-01-01","5534051"
"SGP","Singapore","population","UN World Population Prospects 2024","population","2023","2023-01-01","5765718"
"ESP","Spain","population","UN World Population Prospects 2024","population","2016","2016-01-01","46680827"
"ESP","Spain","population","UN World Population Prospects 2024","population","2017","2017-01-01","46784715"
"ESP","Spain","population","UN World Population Prospects 2024","population","2018","2018-01-01","46952476"
"ESP","Spain","population","UN World Population Prospects 2024","population","2019","2019-01-01","47233166"
"ESP","Spain","population","UN World Population Prospects 2024","population","2020","2020-01-01","47637072"
"ESP","Spain","population","UN World Population Prospects 2024","population","2021","2021-01-01","47721906"
"ESP","Spain","population","UN World Population Prospects 2024","population","2022","2022-01-01","47749421"
"ESP","Spain","population","UN World Population Prospects 2024","population","2023","2023-01-01","47907344"
"SWE","Sweden","population","UN World Population Prospects 2024","population","2016","2016-01-01","9851272"
"SWE","Sweden","population","UN World Population Prospects 2024","population","2017","2017-01-01","9995288"
"SWE","Sweden","population","UN World Population Prospects 2024","population","2018","2018-01-01","10120435"
"SWE","Sweden","population","UN World Population Prospects 2024","population","2019","2019-01-01","10230374"
"SWE","Sweden","population","UN World Population Prospects 2024","population","2020","2020-01-01","10327876"
"SWE","Sweden","population","UN World Population Prospects 2024","population","2021","2021-01-01","10379497"
"SWE","Sweden","population","UN World Population Prospects 2024","population","2022","2022-01-01","10452766"
"SWE","Sweden","population","UN World Population Prospects 2024","population","2023","2023-01-01","10521910"
"CHE","Switzerland","population","UN World Population Prospects 2024","population","2016","2016-01-01","8328614"
"CHE","Switzerland","population","UN World Population Prospects 2024","population","2017","2017-01-01","8421188"
"CHE","Switzerland","population","UN World Population Prospects 2024","population","2018","2018-01-01","8486068"
"CHE","Switzerland","population","UN World Population Prospects 2024","population","2019","2019-01-01","8546621"
"CHE","Switzerland","population","UN World Population Prospects 2024","population","2020","2020-01-01","8608427"
"CHE","Switzerland","population","UN World Population Prospects 2024","population","2021","2021-01-01","8672736"
"CHE","Switzerland","population","UN World Population Prospects 2024","population","2022","2022-01-01","8741311"
"CHE","Switzerland","population","UN World Population Prospects 2024","population","2023","2023-01-01","8843053"
"GBR","United Kingdom","population","UN World Population Prospects 2024","population","2016","2016-01-01","65642696"
"GBR","United Kingdom","population","UN World Population Prospects 2024","population","2017","2017-01-01","66144020"
"GBR","United Kingdom","population","UN World Population Prospects 2024","population","2018","2018-01-01","66564922"
"GBR","United Kingdom","population","UN World Population Prospects 2024","population","2019","2019-01-01","66940028"
"GBR","United Kingdom","population","UN World Population Prospects 2024","population","2020","2020-01-01","67281888"
"GBR","United Kingdom","population","UN World Population Prospects 2024","population","2021","2021-01-01","67421835"
"GBR","United Kingdom","population","UN World Population Prospects 2024","population","2022","2022-01-01","67915749"
"GBR","United Kingdom","population","UN World Population Prospects 2024","population","2023","2023-01-01","68442882"
"USA","United States of America","population","UN World Population Prospects 2024","population","2016","2016-01-01","327624824"
"USA","United States of America","population","UN World Population Prospects 2024","population","2017","2017-01-01","330734029"
"USA","United States of America","population","UN World Population Prospects 2024","population","2018","2018-01-01","333675290"
"USA","United States of America","population","UN World Population Prospects 2024","population","2019","2019-01-01","336437705"
"USA","United States of America","population","UN World Population Prospects 2024","population","2020","2020-01-01","339142428"
"USA","United States of America","population","UN World Population Prospects 2024","population","2021","2021-01-01","339729889"
"USA","United States of America","population","UN World Population Prospects 2024","population","2022","2022-01-01","340592993"
"USA","United States of America","population","UN World Population Prospects 2024","population","2023","2023-01-01","342475098"
"DNK","Denmark","VC","Crunchbase, Startupticker.ch ","USDm","2016","2016-01-01","194.013613"
"DNK","Denmark","VC","Crunchbase, Startupticker.ch ","USDm","2017","2017-01-01","287.152524"
"DNK","Denmark","VC","Crunchbase, Startupticker.ch ","USDm","2018","2018-01-01","467.9313"
"DNK","Denmark","VC","Crunchbase, Startupticker.ch ","USDm","2019","2019-01-01","708.539498"
"DNK","Denmark","VC","Crunchbase, Startupticker.ch ","USDm","2020","2020-01-01","734.943921"
"DNK","Denmark","VC","Crunchbase, Startupticker.ch ","USDm","2021","2021-01-01","2379.634358"
"DNK","Denmark","VC","Crunchbase, Startupticker.ch ","USDm","2022","2022-01-01","1030.507982"
"DNK","Denmark","VC","Crunchbase, Startupticker.ch ","USDm","2023","2023-01-01","1139.669684"
"EST","Estonia","VC","Crunchbase, Startupticker.ch ","USDm","2016","2016-01-01","25.835548"
"EST","Estonia","VC","Crunchbase, Startupticker.ch ","USDm","2017","2017-01-01","145.357625"
"EST","Estonia","VC","Crunchbase, Startupticker.ch ","USDm","2018","2018-01-01","31.622715"
"EST","Estonia","VC","Crunchbase, Startupticker.ch ","USDm","2019","2019-01-01","102.468753"
"EST","Estonia","VC","Crunchbase, Startupticker.ch ","USDm","2020","2020-01-01","314.120446"
"EST","Estonia","VC","Crunchbase, Startupticker.ch ","USDm","2021","2021-01-01","999.362988"
"EST","Estonia","VC","Crunchbase, Startupticker.ch ","USDm","2022","2022-01-01","1461.345316"
"EST","Estonia","VC","Crunchbase, Startupticker.ch ","USDm","2023","2023-01-01","336.292236"
"FIN","Finland","VC","Crunchbase, Startupticker.ch ","USDm","2016","2016-01-01","248.121622"
"FIN","Finland","VC","Crunchbase, Startupticker.ch ","USDm","2017","2017-01-01","321.056396"
"FIN","Finland","VC","Crunchbase, Startupticker.ch ","USDm","2018","2018-01-01","536.689318"
"FIN","Finland","VC","Crunchbase, Startupticker.ch ","USDm","2019","2019-01-01","536.616796"
"FIN","Finland","VC","Crunchbase, Startupticker.ch ","USDm","2020","2020-01-01","1167.514601"
"FIN","Finland","VC","Crunchbase, Startupticker.ch ","USDm","2021","2021-01-01","1805.871278"
"FIN","Finland","VC","Crunchbase, Startupticker.ch ","USDm","2022","2022-01-01","1152.50639"
"FIN","Finland","VC","Crunchbase, Startupticker.ch ","USDm","2023","2023-01-01","484.270886"
"FRA","France","VC","Crunchbase, Startupticker.ch ","USDm","2016","2016-01-01","2057.904085"
"FRA","France","VC","Crunchbase, Startupticker.ch ","USDm","2017","2017-01-01","2588.967062"
"FRA","France","VC","Crunchbase, Startupticker.ch ","USDm","2018","2018-01-01","4093.693463"
"FRA","France","VC","Crunchbase, Startupticker.ch ","USDm","2019","2019-01-01","4962.448397"
"FRA","France","VC","Crunchbase, Startupticker.ch ","USDm","2020","2020-01-01","5547.536987"
"FRA","France","VC","Crunchbase, Startupticker.ch ","USDm","2021","2021-01-01","12341.902546"
"FRA","France","VC","Crunchbase, Startupticker.ch ","USDm","2022","2022-01-01","13059.640928"
"FRA","France","VC","Crunchbase, Startupticker.ch ","USDm","2023","2023-01-01","8168.634246"
"DEU","Germany","VC","Crunchbase, Startupticker.ch ","USDm","2016","2016-01-01","2236.407989"
"DEU","Germany","VC","Crunchbase, Startupticker.ch ","USDm","2017","2017-01-01","2682.912693"
"DEU","Germany","VC","Crunchbase, Startupticker.ch ","USDm","2018","2018-01-01","5541.059986"
"DEU","Germany","VC","Crunchbase, Startupticker.ch ","USDm","2019","2019-01-01","6834.35171"
"DEU","Germany","VC","Crunchbase, Startupticker.ch ","USDm","2020","2020-01-01","4932.543199"
"DEU","Germany","VC","Crunchbase, Startupticker.ch ","USDm","2021","2021-01-01","19719.117331"
"DEU","Germany","VC","Crunchbase, Startupticker.ch ","USDm","2022","2022-01-01","10319.561912"
"DEU","Germany","VC","Crunchbase, Startupticker.ch ","USDm","2023","2023-01-01","7482.905461"
"ISR","Israel","VC","Crunchbase, Startupticker.ch ","USDm","2016","2016-01-01","1537.451981"
"ISR","Israel","VC","Crunchbase, Startupticker.ch ","USDm","2017","2017-01-01","2074.223137"
"ISR","Israel","VC","Crunchbase, Startupticker.ch ","USDm","2018","2018-01-01","3249.429221"
"ISR","Israel","VC","Crunchbase, Startupticker.ch ","USDm","2019","2019-01-01","3638.194534"
"ISR","Israel","VC","Crunchbase, Startupticker.ch ","USDm","2020","2020-01-01","4045.000777"
"ISR","Israel","VC","Crunchbase, Startupticker.ch ","USDm","2021","2021-01-01","9282.144015"
"ISR","Israel","VC","Crunchbase, Startupticker.ch ","USDm","2022","2022-01-01","8285.707647"
"ISR","Israel","VC","Crunchbase, Startupticker.ch ","USDm","2023","2023-01-01","4145.581937"
"ITA","Italy","VC","Crunchbase, Startupticker.ch ","USDm","2016","2016-01-01","161.452691"
"ITA","Italy","VC","Crunchbase, Startupticker.ch ","USDm","2017","2017-01-01","144.383019"
"ITA","Italy","VC","Crunchbase, Startupticker.ch ","USDm","2018","2018-01-01","443.515756"
"ITA","Italy","VC","Crunchbase, Startupticker.ch ","USDm","2019","2019-01-01","369.017915"
"ITA","Italy","VC","Crunchbase, Startupticker.ch ","USDm","2020","2020-01-01","599.580174"
"ITA","Italy","VC","Crunchbase, Startupticker.ch ","USDm","2021","2021-01-01","1064.883949"
"ITA","Italy","VC","Crunchbase, Startupticker.ch ","USDm","2022","2022-01-01","1514.125595"
"ITA","Italy","VC","Crunchbase, Startupticker.ch ","USDm","2023","2023-01-01","1154.387842"
"NLD","Netherlands","VC","Crunchbase, Startupticker.ch ","USDm","2016","2016-01-01","383.416864"
"NLD","Netherlands","VC","Crunchbase, Startupticker.ch ","USDm","2017","2017-01-01","915.825198"
"NLD","Netherlands","VC","Crunchbase, Startupticker.ch ","USDm","2018","2018-01-01","936.367113"
"NLD","Netherlands","VC","Crunchbase, Startupticker.ch ","USDm","2019","2019-01-01","1166.040598"
"NLD","Netherlands","VC","Crunchbase, Startupticker.ch ","USDm","2020","2020-01-01","1612.645803"
"NLD","Netherlands","VC","Crunchbase, Startupticker.ch ","USDm","2021","2021-01-01","7658.66101"
"NLD","Netherlands","VC","Crunchbase, Startupticker.ch ","USDm","2022","2022-01-01","2358.517467"
"NLD","Netherlands","VC","Crunchbase, Startupticker.ch ","USDm","2023","2023-01-01","3412.460777"
"NOR","Norway","VC","Crunchbase, Startupticker.ch ","USDm","2016","2016-01-01","241.706985"
"NOR","Norway","VC","Crunchbase, Startupticker.ch ","USDm","2017","2017-01-01","229.398028"
"NOR","Norway","VC","Crunchbase, Startupticker.ch ","USDm","2018","2018-01-01","317.530064"
"NOR","Norway","VC","Crunchbase, Startupticker.ch ","USDm","2019","2019-01-01","278.953776"
"NOR","Norway","VC","Crunchbase, Startupticker.ch ","USDm","2020","2020-01-01","424.233387"
"NOR","Norway","VC","Crunchbase, Startupticker.ch ","USDm","2021","2021-01-01","1284.242244"
"NOR","Norway","VC","Crunchbase, Startupticker.ch ","USDm","2022","2022-01-01","1253.42721"
"NOR","Norway","VC","Crunchbase, Startupticker.ch ","USDm","2023","2023-01-01","502.206283"
"KOR","Republic of Korea","VC","Crunchbase, Startupticker.ch ","USDm","2016","2016-01-01","1028.737578"
"KOR","Republic of Korea","VC","Crunchbase, Startupticker.ch ","USDm","2017","2017-01-01","1180.727396"
"KOR","Republic of Korea","VC","Crunchbase, Startupticker.ch ","USDm","2018","2018-01-01","3341.49466"
"KOR","Republic of Korea","VC","Crunchbase, Startupticker.ch ","USDm","2019","2019-01-01","5050.651185"
"KOR","Republic of Korea","VC","Crunchbase, Startupticker.ch ","USDm","2020","2020-01-01","4355.559981"
"KOR","Republic of Korea","VC","Crunchbase, Startupticker.ch ","USDm","2021","2021-01-01","14140.0158"
"KOR","Republic of Korea","VC","Crunchbase, Startupticker.ch ","USDm","2022","2022-01-01","10538.554272"
"KOR","Republic of Korea","VC","Crunchbase, Startupticker.ch ","USDm","2023","2023-01-01","3213.027117"
"SGP","Singapore","VC","Crunchbase, Startupticker.ch ","USDm","2016","2016-01-01","1511.745759"
"SGP","Singapore","VC","Crunchbase, Startupticker.ch ","USDm","2017","2017-01-01","3903.885722"
"SGP","Singapore","VC","Crunchbase, Startupticker.ch ","USDm","2018","2018-01-01","7495.525641"
"SGP","Singapore","VC","Crunchbase, Startupticker.ch ","USDm","2019","2019-01-01","5455.872634"
"SGP","Singapore","VC","Crunchbase, Startupticker.ch ","USDm","2020","2020-01-01","3811.784135"
"SGP","Singapore","VC","Crunchbase, Startupticker.ch ","USDm","2021","2021-01-01","9719.502439"
"SGP","Singapore","VC","Crunchbase, Startupticker.ch ","USDm","2022","2022-01-01","9384.167992"
"SGP","Singapore","VC","Crunchbase, Startupticker.ch ","USDm","2023","2023-01-01","3902.000537"
"ESP","Spain","VC","Crunchbase, Startupticker.ch ","USDm","2016","2016-01-01","695.47316"
"ESP","Spain","VC","Crunchbase, Startupticker.ch ","USDm","2017","2017-01-01","733.621511"
"ESP","Spain","VC","Crunchbase, Startupticker.ch ","USDm","2018","2018-01-01","912.646665"
"ESP","Spain","VC","Crunchbase, Startupticker.ch ","USDm","2019","2019-01-01","1568.458666"
"ESP","Spain","VC","Crunchbase, Startupticker.ch ","USDm","2020","2020-01-01","779.234004"
"ESP","Spain","VC","Crunchbase, Startupticker.ch ","USDm","2021","2021-01-01","3535.906665"
"ESP","Spain","VC","Crunchbase, Startupticker.ch ","USDm","2022","2022-01-01","2397.158125"
"ESP","Spain","VC","Crunchbase, Startupticker.ch ","USDm","2023","2023-01-01","1576.173436"
"SWE","Sweden","VC","Crunchbase, Startupticker.ch ","USDm","2016","2016-01-01","745.76468"
"SWE","Sweden","VC","Crunchbase, Startupticker.ch ","USDm","2017","2017-01-01","860.296126"
"SWE","Sweden","VC","Crunchbase, Startupticker.ch ","USDm","2018","2018-01-01","1048.034868"
"SWE","Sweden","VC","Crunchbase, Startupticker.ch ","USDm","2019","2019-01-01","1146.369474"
"SWE","Sweden","VC","Crunchbase, Startupticker.ch ","USDm","2020","2020-01-01","2223.049278"
"SWE","Sweden","VC","Crunchbase, Startupticker.ch ","USDm","2021","2021-01-01","7582.543533"
"SWE","Sweden","VC","Crunchbase, Startupticker.ch ","USDm","2022","2022-01-01","3801.014409"
"SWE","Sweden","VC","Crunchbase, Startupticker.ch ","USDm","2023","2023-01-01","1331.495985"
"CHE","Switzerland","VC","Crunchbase, Startupticker.ch ","USDm","2016","2016-01-01","868.725416"
"CHE","Switzerland","VC","Crunchbase, Startupticker.ch ","USDm","2017","2017-01-01","1092.368724"
"CHE","Switzerland","VC","Crunchbase, Startupticker.ch ","USDm","2018","2018-01-01","1419.302849"
"CHE","Switzerland","VC","Crunchbase, Startupticker.ch ","USDm","2019","2019-01-01","1753.938089"
"CHE","Switzerland","VC","Crunchbase, Startupticker.ch ","USDm","2020","2020-01-01","1963.826909"
"CHE","Switzerland","VC","Crunchbase, Startupticker.ch ","USDm","2021","2021-01-01","3272.543682"
"CHE","Switzerland","VC","Crunchbase, Startupticker.ch ","USDm","2022","2022-01-01","3593.378674"
"CHE","Switzerland","VC","Crunchbase, Startupticker.ch ","USDm","2023","2023-01-01","2490.44802"
"GBR","United Kingdom","VC","Crunchbase, Startupticker.ch ","USDm","2016","2016-01-01","4985.012075"
"GBR","United Kingdom","VC","Crunchbase, Startupticker.ch ","USDm","2017","2017-01-01","8570.68801"
"GBR","United Kingdom","VC","Crunchbase, Startupticker.ch ","USDm","2018","2018-01-01","9277.100611"
"GBR","United Kingdom","VC","Crunchbase, Startupticker.ch ","USDm","2019","2019-01-01","12535.361527"
"GBR","United Kingdom","VC","Crunchbase, Startupticker.ch ","USDm","2020","2020-01-01","14013.307812"
"GBR","United Kingdom","VC","Crunchbase, Startupticker.ch ","USDm","2021","2021-01-01","32489.795241"
"GBR","United Kingdom","VC","Crunchbase, Startupticker.ch ","USDm","2022","2022-01-01","23634.869354"
"GBR","United Kingdom","VC","Crunchbase, Startupticker.ch ","USDm","2023","2023-01-01","14439.185812"
"USA","United States of America","VC","Crunchbase, Startupticker.ch ","USDm","2016","2016-01-01","69059.243431"
"USA","United States of America","VC","Crunchbase, Startupticker.ch ","USDm","2017","2017-01-01","86069.529816"
"USA","United States of America","VC","Crunchbase, Startupticker.ch ","USDm","2018","2018-01-01","112313.348219"
"USA","United States of America","VC","Crunchbase, Startupticker.ch ","USDm","2019","2019-01-01","120200.512109"
"USA","United States of America","VC","Crunchbase, Startupticker.ch ","USDm","2020","2020-01-01","146090.26979"
"USA","United States of America","VC","Crunchbase, Startupticker.ch ","USDm","2021","2021-01-01","302390.445164"
"USA","United States of America","VC","Crunchbase, Startupticker.ch ","USDm","2022","2022-01-01","193719.726129"
"USA","United States of America","VC","Crunchbase, Startupticker.ch ","USDm","2023","2023-01-01","118004.935519"
"DNK","Denmark","VC share of GDP in %","Crunchbase, Startupticker.ch , OECD","percent","2016","2016-01-01","0.000653616605133093"
"DNK","Denmark","VC share of GDP in %","Crunchbase, Startupticker.ch , OECD","percent","2017","2017-01-01","0.000901182612661751"
"DNK","Denmark","VC share of GDP in %","Crunchbase, Startupticker.ch , OECD","percent","2018","2018-01-01","0.00141117104784104"
"DNK","Denmark","VC share of GDP in %","Crunchbase, Startupticker.ch , OECD","percent","2019","2019-01-01","0.00201104122986552"
"DNK","Denmark","VC share of GDP in %","Crunchbase, Startupticker.ch , OECD","percent","2020","2020-01-01","0.00201064874042286"
"DNK","Denmark","VC share of GDP in %","Crunchbase, Startupticker.ch , OECD","percent","2021","2021-01-01","0.00577614542937719"
"DNK","Denmark","VC share of GDP in %","Crunchbase, Startupticker.ch , OECD","percent","2022","2022-01-01","0.00222953074697481"
"DNK","Denmark","VC share of GDP in %","Crunchbase, Startupticker.ch , OECD","percent","2023","2023-01-01","0.00248119101590848"
"EST","Estonia","VC share of GDP in %","Crunchbase, Startupticker.ch , OECD","percent","2016","2016-01-01","0.000614596679097821"
"EST","Estonia","VC share of GDP in %","Crunchbase, Startupticker.ch , OECD","percent","2017","2017-01-01","0.00319758843425509"
"EST","Estonia","VC share of GDP in %","Crunchbase, Startupticker.ch , OECD","percent","2018","2018-01-01","0.00064439998063298"
"EST","Estonia","VC share of GDP in %","Crunchbase, Startupticker.ch , OECD","percent","2019","2019-01-01","0.00190271571176175"
"EST","Estonia","VC share of GDP in %","Crunchbase, Startupticker.ch , OECD","percent","2020","2020-01-01","0.00580988407622013"
"EST","Estonia","VC share of GDP in %","Crunchbase, Startupticker.ch , OECD","percent","2021","2021-01-01","0.0166658868397071"
"EST","Estonia","VC share of GDP in %","Crunchbase, Startupticker.ch , OECD","percent","2022","2022-01-01","0.0223340946120121"
"EST","Estonia","VC share of GDP in %","Crunchbase, Startupticker.ch , OECD","percent","2023","2023-01-01","0.00495858338657212"
"FIN","Finland","VC share of GDP in %","Crunchbase, Startupticker.ch , OECD","percent","2016","2016-01-01","0.0010048318806206"
"FIN","Finland","VC share of GDP in %","Crunchbase, Startupticker.ch , OECD","percent","2017","2017-01-01","0.00122528186579313"
"FIN","Finland","VC share of GDP in %","Crunchbase, Startupticker.ch , OECD","percent","2018","2018-01-01","0.00196261677102831"
"FIN","Finland","VC share of GDP in %","Crunchbase, Startupticker.ch , OECD","percent","2019","2019-01-01","0.00184868311891468"
"FIN","Finland","VC share of GDP in %","Crunchbase, Startupticker.ch , OECD","percent","2020","2020-01-01","0.00393415170662833"
"FIN","Finland","VC share of GDP in %","Crunchbase, Startupticker.ch , OECD","percent","2021","2021-01-01","0.00563966224209873"
"FIN","Finland","VC share of GDP in %","Crunchbase, Startupticker.ch , OECD","percent","2022","2022-01-01","0.00331363934580376"
"FIN","Finland","VC share of GDP in %","Crunchbase, Startupticker.ch , OECD","percent","2023","2023-01-01","0.00134623065363731"
"FRA","France","VC share of GDP in %","Crunchbase, Startupticker.ch , OECD","percent","2016","2016-01-01","0.000719259113834407"
"FRA","France","VC share of GDP in %","Crunchbase, Startupticker.ch , OECD","percent","2017","2017-01-01","0.000870010114522165"
"FRA","France","VC share of GDP in %","Crunchbase, Startupticker.ch , OECD","percent","2018","2018-01-01","0.0013142398125849"
"FRA","France","VC share of GDP in %","Crunchbase, Startupticker.ch , OECD","percent","2019","2019-01-01","0.00144036336682392"
"FRA","France","VC share of GDP in %","Crunchbase, Startupticker.ch , OECD","percent","2020","2020-01-01","0.00165844347325307"
"FRA","France","VC share of GDP in %","Crunchbase, Startupticker.ch , OECD","percent","2021","2021-01-01","0.00337505314885857"
"FRA","France","VC share of GDP in %","Crunchbase, Startupticker.ch , OECD","percent","2022","2022-01-01","0.00331548173408421"
"FRA","France","VC share of GDP in %","Crunchbase, Startupticker.ch , OECD","percent","2023","2023-01-01","0.00194590478971667"
"DEU","Germany","VC share of GDP in %","Crunchbase, Startupticker.ch , OECD","percent","2016","2016-01-01","0.000536930795143638"
"DEU","Germany","VC share of GDP in %","Crunchbase, Startupticker.ch , OECD","percent","2017","2017-01-01","0.000611597520161302"
"DEU","Germany","VC share of GDP in %","Crunchbase, Startupticker.ch , OECD","percent","2018","2018-01-01","0.00121088101671205"
"DEU","Germany","VC share of GDP in %","Crunchbase, Startupticker.ch , OECD","percent","2019","2019-01-01","0.00141196518511702"
"DEU","Germany","VC share of GDP in %","Crunchbase, Startupticker.ch , OECD","percent","2020","2020-01-01","0.00102431721902209"
"DEU","Germany","VC share of GDP in %","Crunchbase, Startupticker.ch , OECD","percent","2021","2021-01-01","0.00382662385777903"
"DEU","Germany","VC share of GDP in %","Crunchbase, Startupticker.ch , OECD","percent","2022","2022-01-01","0.00184862450319721"
"DEU","Germany","VC share of GDP in %","Crunchbase, Startupticker.ch , OECD","percent","2023","2023-01-01","0.00127708916682604"
"ISR","Israel","VC share of GDP in %","Crunchbase, Startupticker.ch , OECD","percent","2016","2016-01-01","0.00471082537421039"
"ISR","Israel","VC share of GDP in %","Crunchbase, Startupticker.ch , OECD","percent","2017","2017-01-01","0.00603097267097632"
"ISR","Israel","VC share of GDP in %","Crunchbase, Startupticker.ch , OECD","percent","2018","2018-01-01","0.00910180777352042"
"ISR","Israel","VC share of GDP in %","Crunchbase, Startupticker.ch , OECD","percent","2019","2019-01-01","0.00971651716524739"
"ISR","Israel","VC share of GDP in %","Crunchbase, Startupticker.ch , OECD","percent","2020","2020-01-01","0.0106548965081145"
"ISR","Israel","VC share of GDP in %","Crunchbase, Startupticker.ch , OECD","percent","2021","2021-01-01","0.0212955731932465"
"ISR","Israel","VC share of GDP in %","Crunchbase, Startupticker.ch , OECD","percent","2022","2022-01-01","0.0165442302119772"
"ISR","Israel","VC share of GDP in %","Crunchbase, Startupticker.ch , OECD","percent","2023","2023-01-01","0.00789435623660916"
"ITA","Italy","VC share of GDP in %","Crunchbase, Startupticker.ch , OECD","percent","2016","2016-01-01","6.66974643116678E-05"
"ITA","Italy","VC share of GDP in %","Crunchbase, Startupticker.ch , OECD","percent","2017","2017-01-01","5.73589337611129E-05"
"ITA","Italy","VC share of GDP in %","Crunchbase, Startupticker.ch , OECD","percent","2018","2018-01-01","0.000170561538243519"
"ITA","Italy","VC share of GDP in %","Crunchbase, Startupticker.ch , OECD","percent","2019","2019-01-01","0.000132950079200534"
"ITA","Italy","VC share of GDP in %","Crunchbase, Startupticker.ch , OECD","percent","2020","2020-01-01","0.000228208923576067"
"ITA","Italy","VC share of GDP in %","Crunchbase, Startupticker.ch , OECD","percent","2021","2021-01-01","0.000360874827786337"
"ITA","Italy","VC share of GDP in %","Crunchbase, Startupticker.ch , OECD","percent","2022","2022-01-01","0.000459486303239507"
"ITA","Italy","VC share of GDP in %","Crunchbase, Startupticker.ch , OECD","percent","2023","2023-01-01","0.000334362298573848"
"NLD","Netherlands","VC share of GDP in %","Crunchbase, Startupticker.ch , OECD","percent","2016","2016-01-01","0.000423491555683605"
"NLD","Netherlands","VC share of GDP in %","Crunchbase, Startupticker.ch , OECD","percent","2017","2017-01-01","0.000953988465771784"
"NLD","Netherlands","VC share of GDP in %","Crunchbase, Startupticker.ch , OECD","percent","2018","2018-01-01","0.000923847167595549"
"NLD","Netherlands","VC share of GDP in %","Crunchbase, Startupticker.ch , OECD","percent","2019","2019-01-01","0.00107829878831983"
"NLD","Netherlands","VC share of GDP in %","Crunchbase, Startupticker.ch , OECD","percent","2020","2020-01-01","0.00147708075654704"
"NLD","Netherlands","VC share of GDP in %","Crunchbase, Startupticker.ch , OECD","percent","2021","2021-01-01","0.00630109605304729"
"NLD","Netherlands","VC share of GDP in %","Crunchbase, Startupticker.ch , OECD","percent","2022","2022-01-01","0.00172404534128621"
"NLD","Netherlands","VC share of GDP in %","Crunchbase, Startupticker.ch , OECD","percent","2023","2023-01-01","0.00236358203648417"
"NOR","Norway","VC share of GDP in %","Crunchbase, Startupticker.ch , OECD","percent","2016","2016-01-01","0.000778937793646953"
"NOR","Norway","VC share of GDP in %","Crunchbase, Startupticker.ch , OECD","percent","2017","2017-01-01","0.000673043180691637"
"NOR","Norway","VC share of GDP in %","Crunchbase, Startupticker.ch , OECD","percent","2018","2018-01-01","0.000850870653428308"
"NOR","Norway","VC share of GDP in %","Crunchbase, Startupticker.ch , OECD","percent","2019","2019-01-01","0.000735293162832469"
"NOR","Norway","VC share of GDP in %","Crunchbase, Startupticker.ch , OECD","percent","2020","2020-01-01","0.00117509718787469"
"NOR","Norway","VC share of GDP in %","Crunchbase, Startupticker.ch , OECD","percent","2021","2021-01-01","0.00266179870745798"
"NOR","Norway","VC share of GDP in %","Crunchbase, Startupticker.ch , OECD","percent","2022","2022-01-01","0.00184853950623148"
"NOR","Norway","VC share of GDP in %","Crunchbase, Startupticker.ch , OECD","percent","2023","2023-01-01","0.000871378709603143"
"KOR","Republic of Korea","VC share of GDP in %","Crunchbase, Startupticker.ch , OECD","percent","2016","2016-01-01","0.000507525362186041"
"KOR","Republic of Korea","VC share of GDP in %","Crunchbase, Startupticker.ch , OECD","percent","2017","2017-01-01","0.000561275254340399"
"KOR","Republic of Korea","VC share of GDP in %","Crunchbase, Startupticker.ch , OECD","percent","2018","2018-01-01","0.00150487796105681"
"KOR","Republic of Korea","VC share of GDP in %","Crunchbase, Startupticker.ch , OECD","percent","2019","2019-01-01","0.00222430380649309"
"KOR","Republic of Korea","VC share of GDP in %","Crunchbase, Startupticker.ch , OECD","percent","2020","2020-01-01","0.00186132570177998"
"KOR","Republic of Korea","VC share of GDP in %","Crunchbase, Startupticker.ch , OECD","percent","2021","2021-01-01","0.00562334446204818"
"KOR","Republic of Korea","VC share of GDP in %","Crunchbase, Startupticker.ch , OECD","percent","2022","2022-01-01","0.00395081551863331"
"KOR","Republic of Korea","VC share of GDP in %","Crunchbase, Startupticker.ch , OECD","percent","2023","2023-01-01","0.00114989310833476"
"SGP","Singapore","VC share of GDP in %","Crunchbase, Startupticker.ch , OECD","percent","2016","2016-01-01","0.00300466547995944"
"SGP","Singapore","VC share of GDP in %","Crunchbase, Startupticker.ch , OECD","percent","2017","2017-01-01","0.0072736735659952"
"SGP","Singapore","VC share of GDP in %","Crunchbase, Startupticker.ch , OECD","percent","2018","2018-01-01","0.0127949174487399"
"SGP","Singapore","VC share of GDP in %","Crunchbase, Startupticker.ch , OECD","percent","2019","2019-01-01","0.0090649274552692"
"SGP","Singapore","VC share of GDP in %","Crunchbase, Startupticker.ch , OECD","percent","2020","2020-01-01","0.00661843419984731"
"SGP","Singapore","VC share of GDP in %","Crunchbase, Startupticker.ch , OECD","percent","2021","2021-01-01","0.0135155827183171"
"SGP","Singapore","VC share of GDP in %","Crunchbase, Startupticker.ch , OECD","percent","2022","2022-01-01","0.0117403360298257"
"SGP","Singapore","VC share of GDP in %","Crunchbase, Startupticker.ch , OECD","percent","2023","2023-01-01","0.00465994808254866"
"ESP","Spain","VC share of GDP in %","Crunchbase, Startupticker.ch , OECD","percent","2016","2016-01-01","0.000401053387103518"
"ESP","Spain","VC share of GDP in %","Crunchbase, Startupticker.ch , OECD","percent","2017","2017-01-01","0.000398107917036812"
"ESP","Spain","VC share of GDP in %","Crunchbase, Startupticker.ch , OECD","percent","2018","2018-01-01","0.000478966467208116"
"ESP","Spain","VC share of GDP in %","Crunchbase, Startupticker.ch , OECD","percent","2019","2019-01-01","0.000760773980401449"
"ESP","Spain","VC share of GDP in %","Crunchbase, Startupticker.ch , OECD","percent","2020","2020-01-01","0.000422185546802518"
"ESP","Spain","VC share of GDP in %","Crunchbase, Startupticker.ch , OECD","percent","2021","2021-01-01","0.00170956783831997"
"ESP","Spain","VC share of GDP in %","Crunchbase, Startupticker.ch , OECD","percent","2022","2022-01-01","0.00103054349596835"
"ESP","Spain","VC share of GDP in %","Crunchbase, Startupticker.ch , OECD","percent","2023","2023-01-01","0.000617354352613324"
"SWE","Sweden","VC share of GDP in %","Crunchbase, Startupticker.ch , OECD","percent","2016","2016-01-01","0.00149442965941722"
"SWE","Sweden","VC share of GDP in %","Crunchbase, Startupticker.ch , OECD","percent","2017","2017-01-01","0.00166172998069259"
"SWE","Sweden","VC share of GDP in %","Crunchbase, Startupticker.ch , OECD","percent","2018","2018-01-01","0.00193889439783188"
"SWE","Sweden","VC share of GDP in %","Crunchbase, Startupticker.ch , OECD","percent","2019","2019-01-01","0.00195501430497535"
"SWE","Sweden","VC share of GDP in %","Crunchbase, Startupticker.ch , OECD","percent","2020","2020-01-01","0.0037348878610161"
"SWE","Sweden","VC share of GDP in %","Crunchbase, Startupticker.ch , OECD","percent","2021","2021-01-01","0.0115324928230093"
"SWE","Sweden","VC share of GDP in %","Crunchbase, Startupticker.ch , OECD","percent","2022","2022-01-01","0.00541978937688949"
"SWE","Sweden","VC share of GDP in %","Crunchbase, Startupticker.ch , OECD","percent","2023","2023-01-01","0.00182551008387939"
"CHE","Switzerland","VC share of GDP in %","Crunchbase, Startupticker.ch , OECD","percent","2016","2016-01-01","0.00154042856990615"
"CHE","Switzerland","VC share of GDP in %","Crunchbase, Startupticker.ch , OECD","percent","2017","2017-01-01","0.00189528702948621"
"CHE","Switzerland","VC share of GDP in %","Crunchbase, Startupticker.ch , OECD","percent","2018","2018-01-01","0.00235816296951274"
"CHE","Switzerland","VC share of GDP in %","Crunchbase, Startupticker.ch , OECD","percent","2019","2019-01-01","0.00277401343221553"
"CHE","Switzerland","VC share of GDP in %","Crunchbase, Startupticker.ch , OECD","percent","2020","2020-01-01","0.00311438093139562"
"CHE","Switzerland","VC share of GDP in %","Crunchbase, Startupticker.ch , OECD","percent","2021","2021-01-01","0.00460714870678105"
"CHE","Switzerland","VC share of GDP in %","Crunchbase, Startupticker.ch , OECD","percent","2022","2022-01-01","0.00451220253774286"
"CHE","Switzerland","VC share of GDP in %","Crunchbase, Startupticker.ch , OECD","percent","2023","2023-01-01","0.00302656673281195"
"GBR","United Kingdom","VC share of GDP in %","Crunchbase, Startupticker.ch , OECD","percent","2016","2016-01-01","0.00172354648502901"
"GBR","United Kingdom","VC share of GDP in %","Crunchbase, Startupticker.ch , OECD","percent","2017","2017-01-01","0.00281755185665883"
"GBR","United Kingdom","VC share of GDP in %","Crunchbase, Startupticker.ch , OECD","percent","2018","2018-01-01","0.00296426348864445"
"GBR","United Kingdom","VC share of GDP in %","Crunchbase, Startupticker.ch , OECD","percent","2019","2019-01-01","0.003757739431184"
"GBR","United Kingdom","VC share of GDP in %","Crunchbase, Startupticker.ch , OECD","percent","2020","2020-01-01","0.00435155900982194"
"GBR","United Kingdom","VC share of GDP in %","Crunchbase, Startupticker.ch , OECD","percent","2021","2021-01-01","0.00917329396632945"
"GBR","United Kingdom","VC share of GDP in %","Crunchbase, Startupticker.ch , OECD","percent","2022","2022-01-01","0.00614224649140239"
"GBR","United Kingdom","VC share of GDP in %","Crunchbase, Startupticker.ch , OECD","percent","2023","2023-01-01","0.00358627174136442"
"USA","United States of America","VC share of GDP in %","Crunchbase, Startupticker.ch , OECD","percent","2016","2016-01-01","0.00367240430365192"
"USA","United States of America","VC share of GDP in %","Crunchbase, Startupticker.ch , OECD","percent","2017","2017-01-01","0.00438859280948059"
"USA","United States of America","VC share of GDP in %","Crunchbase, Startupticker.ch , OECD","percent","2018","2018-01-01","0.00543718738527833"
"USA","United States of America","VC share of GDP in %","Crunchbase, Startupticker.ch , OECD","percent","2019","2019-01-01","0.00558516360621605"
"USA","United States of America","VC share of GDP in %","Crunchbase, Startupticker.ch , OECD","percent","2020","2020-01-01","0.00685131606039502"
"USA","United States of America","VC share of GDP in %","Crunchbase, Startupticker.ch , OECD","percent","2021","2021-01-01","0.0128163960267747"
"USA","United States of America","VC share of GDP in %","Crunchbase, Startupticker.ch , OECD","percent","2022","2022-01-01","0.00752481795558813"
"USA","United States of America","VC share of GDP in %","Crunchbase, Startupticker.ch , OECD","percent","2023","2023-01-01","0.00431493840569694"
"DNK","Denmark","VC per capita","Crunchbase, Startupticker.ch ,  UN World Population Prospects 2024","USD per capita","2016","2016-01-01","33.9932132230629"
"DNK","Denmark","VC per capita","Crunchbase, Startupticker.ch ,  UN World Population Prospects 2024","USD per capita","2017","2017-01-01","49.9484298084182"
"DNK","Denmark","VC per capita","Crunchbase, Startupticker.ch ,  UN World Population Prospects 2024","USD per capita","2018","2018-01-01","80.9379840992321"
"DNK","Denmark","VC per capita","Crunchbase, Startupticker.ch ,  UN World Population Prospects 2024","USD per capita","2019","2019-01-01","122.029580319147"
"DNK","Denmark","VC per capita","Crunchbase, Startupticker.ch ,  UN World Population Prospects 2024","USD per capita","2020","2020-01-01","126.21517929762"
"DNK","Denmark","VC per capita","Crunchbase, Startupticker.ch ,  UN World Population Prospects 2024","USD per capita","2021","2021-01-01","407.463543189896"
"DNK","Denmark","VC per capita","Crunchbase, Startupticker.ch ,  UN World Population Prospects 2024","USD per capita","2022","2022-01-01","175.452291733103"
"DNK","Denmark","VC per capita","Crunchbase, Startupticker.ch ,  UN World Population Prospects 2024","USD per capita","2023","2023-01-01","192.110351174994"
"EST","Estonia","VC per capita","Crunchbase, Startupticker.ch ,  UN World Population Prospects 2025","USD per capita","2016","2016-01-01","19.6319947233722"
"EST","Estonia","VC per capita","Crunchbase, Startupticker.ch ,  UN World Population Prospects 2025","USD per capita","2017","2017-01-01","110.478803775312"
"EST","Estonia","VC per capita","Crunchbase, Startupticker.ch ,  UN World Population Prospects 2025","USD per capita","2018","2018-01-01","23.9721660199084"
"EST","Estonia","VC per capita","Crunchbase, Startupticker.ch ,  UN World Population Prospects 2025","USD per capita","2019","2019-01-01","77.3474002593626"
"EST","Estonia","VC per capita","Crunchbase, Startupticker.ch ,  UN World Population Prospects 2025","USD per capita","2020","2020-01-01","236.383934463979"
"EST","Estonia","VC per capita","Crunchbase, Startupticker.ch ,  UN World Population Prospects 2025","USD per capita","2021","2021-01-01","751.128529360036"
"EST","Estonia","VC per capita","Crunchbase, Startupticker.ch ,  UN World Population Prospects 2025","USD per capita","2022","2022-01-01","1096.26907683848"
"EST","Estonia","VC per capita","Crunchbase, Startupticker.ch ,  UN World Population Prospects 2025","USD per capita","2023","2023-01-01","245.97761793374"
"FIN","Finland","VC per capita","Crunchbase, Startupticker.ch ,  UN World Population Prospects 2026","USD per capita","2016","2016-01-01","45.2162302827217"
"FIN","Finland","VC per capita","Crunchbase, Startupticker.ch ,  UN World Population Prospects 2026","USD per capita","2017","2017-01-01","58.3368515844122"
"FIN","Finland","VC per capita","Crunchbase, Startupticker.ch ,  UN World Population Prospects 2026","USD per capita","2018","2018-01-01","97.3444793499356"
"FIN","Finland","VC per capita","Crunchbase, Startupticker.ch ,  UN World Population Prospects 2026","USD per capita","2019","2019-01-01","97.2453737858527"
"FIN","Finland","VC per capita","Crunchbase, Startupticker.ch ,  UN World Population Prospects 2026","USD per capita","2020","2020-01-01","211.30166550686"
"FIN","Finland","VC per capita","Crunchbase, Startupticker.ch ,  UN World Population Prospects 2026","USD per capita","2021","2021-01-01","326.33009829091"
"FIN","Finland","VC per capita","Crunchbase, Startupticker.ch ,  UN World Population Prospects 2026","USD per capita","2022","2022-01-01","207.723521435777"
"FIN","Finland","VC per capita","Crunchbase, Startupticker.ch ,  UN World Population Prospects 2026","USD per capita","2023","2023-01-01","86.6265758693543"
"FRA","France","VC per capita","Crunchbase, Startupticker.ch ,  UN World Population Prospects 2027","USD per capita","2016","2016-01-01","31.659518302439"
"FRA","France","VC per capita","Crunchbase, Startupticker.ch ,  UN World Population Prospects 2027","USD per capita","2017","2017-01-01","39.7247821948714"
"FRA","France","VC per capita","Crunchbase, Startupticker.ch ,  UN World Population Prospects 2027","USD per capita","2018","2018-01-01","62.5976119623544"
"FRA","France","VC per capita","Crunchbase, Startupticker.ch ,  UN World Population Prospects 2027","USD per capita","2019","2019-01-01","75.5985325185842"
"FRA","France","VC per capita","Crunchbase, Startupticker.ch ,  UN World Population Prospects 2027","USD per capita","2020","2020-01-01","84.2875627696956"
"FRA","France","VC per capita","Crunchbase, Startupticker.ch ,  UN World Population Prospects 2027","USD per capita","2021","2021-01-01","187.016196454807"
"FRA","France","VC per capita","Crunchbase, Startupticker.ch ,  UN World Population Prospects 2027","USD per capita","2022","2022-01-01","197.355045201593"
"FRA","France","VC per capita","Crunchbase, Startupticker.ch ,  UN World Population Prospects 2027","USD per capita","2023","2023-01-01","123.055913045633"
"DEU","Germany","VC per capita","Crunchbase, Startupticker.ch ,  UN World Population Prospects 2028","USD per capita","2016","2016-01-01","27.0864259920435"
"DEU","Germany","VC per capita","Crunchbase, Startupticker.ch ,  UN World Population Prospects 2028","USD per capita","2017","2017-01-01","32.341952050887"
"DEU","Germany","VC per capita","Crunchbase, Startupticker.ch ,  UN World Population Prospects 2028","USD per capita","2018","2018-01-01","66.5565249101704"
"DEU","Germany","VC per capita","Crunchbase, Startupticker.ch ,  UN World Population Prospects 2028","USD per capita","2019","2019-01-01","81.8646356098397"
"DEU","Germany","VC per capita","Crunchbase, Startupticker.ch ,  UN World Population Prospects 2028","USD per capita","2020","2020-01-01","58.9771576683378"
"DEU","Germany","VC per capita","Crunchbase, Startupticker.ch ,  UN World Population Prospects 2028","USD per capita","2021","2021-01-01","235.810833110806"
"DEU","Germany","VC per capita","Crunchbase, Startupticker.ch ,  UN World Population Prospects 2028","USD per capita","2022","2022-01-01","123.18694468546"
"DEU","Germany","VC per capita","Crunchbase, Startupticker.ch ,  UN World Population Prospects 2028","USD per capita","2023","2023-01-01","88.6590729442349"
"ISR","Israel","VC per capita","Crunchbase, Startupticker.ch ,  UN World Population Prospects 2029","USD per capita","2016","2016-01-01","189.062044784325"
"ISR","Israel","VC per capita","Crunchbase, Startupticker.ch ,  UN World Population Prospects 2029","USD per capita","2017","2017-01-01","250.267812892208"
"ISR","Israel","VC per capita","Crunchbase, Startupticker.ch ,  UN World Population Prospects 2029","USD per capita","2018","2018-01-01","385.205238549719"
"ISR","Israel","VC per capita","Crunchbase, Startupticker.ch ,  UN World Population Prospects 2029","USD per capita","2019","2019-01-01","423.807053226062"
"ISR","Israel","VC per capita","Crunchbase, Startupticker.ch ,  UN World Population Prospects 2029","USD per capita","2020","2020-01-01","463.323966478489"
"ISR","Israel","VC per capita","Crunchbase, Startupticker.ch ,  UN World Population Prospects 2029","USD per capita","2021","2021-01-01","1046.42270526173"
"ISR","Israel","VC per capita","Crunchbase, Startupticker.ch ,  UN World Population Prospects 2029","USD per capita","2022","2022-01-01","919.052289775454"
"ISR","Israel","VC per capita","Crunchbase, Startupticker.ch ,  UN World Population Prospects 2029","USD per capita","2023","2023-01-01","451.057250225252"
"ITA","Italy","VC per capita","Crunchbase, Startupticker.ch ,  UN World Population Prospects 2030","USD per capita","2016","2016-01-01","2.66812768115921"
"ITA","Italy","VC per capita","Crunchbase, Startupticker.ch ,  UN World Population Prospects 2030","USD per capita","2017","2017-01-01","2.38868314955929"
"ITA","Italy","VC per capita","Crunchbase, Startupticker.ch ,  UN World Population Prospects 2030","USD per capita","2018","2018-01-01","7.35076169334119"
"ITA","Italy","VC per capita","Crunchbase, Startupticker.ch ,  UN World Population Prospects 2030","USD per capita","2019","2019-01-01","6.12793468569788"
"ITA","Italy","VC per capita","Crunchbase, Startupticker.ch ,  UN World Population Prospects 2030","USD per capita","2020","2020-01-01","9.98612878181756"
"ITA","Italy","VC per capita","Crunchbase, Startupticker.ch ,  UN World Population Prospects 2030","USD per capita","2021","2021-01-01","17.8121193854514"
"ITA","Italy","VC per capita","Crunchbase, Startupticker.ch ,  UN World Population Prospects 2030","USD per capita","2022","2022-01-01","25.373090824913"
"ITA","Italy","VC per capita","Crunchbase, Startupticker.ch ,  UN World Population Prospects 2030","USD per capita","2023","2023-01-01","19.3807064076624"
"NLD","Netherlands","VC per capita","Crunchbase, Startupticker.ch ,  UN World Population Prospects 2031","USD per capita","2016","2016-01-01","22.3594415470653"
"NLD","Netherlands","VC per capita","Crunchbase, Startupticker.ch ,  UN World Population Prospects 2031","USD per capita","2017","2017-01-01","53.0559052384342"
"NLD","Netherlands","VC per capita","Crunchbase, Startupticker.ch ,  UN World Population Prospects 2031","USD per capita","2018","2018-01-01","53.9095443337807"
"NLD","Netherlands","VC per capita","Crunchbase, Startupticker.ch ,  UN World Population Prospects 2031","USD per capita","2019","2019-01-01","66.7325841459431"
"NLD","Netherlands","VC per capita","Crunchbase, Startupticker.ch ,  UN World Population Prospects 2031","USD per capita","2020","2020-01-01","91.6188465965923"
"NLD","Netherlands","VC per capita","Crunchbase, Startupticker.ch ,  UN World Population Prospects 2031","USD per capita","2021","2021-01-01","433.383677818533"
"NLD","Netherlands","VC per capita","Crunchbase, Startupticker.ch ,  UN World Population Prospects 2031","USD per capita","2022","2022-01-01","132.580328384173"
"NLD","Netherlands","VC per capita","Crunchbase, Startupticker.ch ,  UN World Population Prospects 2031","USD per capita","2023","2023-01-01","189.376049495283"
"NOR","Norway","VC per capita","Crunchbase, Startupticker.ch ,  UN World Population Prospects 2032","USD per capita","2016","2016-01-01","46.3589136868771"
"NOR","Norway","VC per capita","Crunchbase, Startupticker.ch ,  UN World Population Prospects 2032","USD per capita","2017","2017-01-01","43.6271614315842"
"NOR","Norway","VC per capita","Crunchbase, Startupticker.ch ,  UN World Population Prospects 2032","USD per capita","2018","2018-01-01","59.962719749642"
"NOR","Norway","VC per capita","Crunchbase, Startupticker.ch ,  UN World Population Prospects 2032","USD per capita","2019","2019-01-01","52.3557273424953"
"NOR","Norway","VC per capita","Crunchbase, Startupticker.ch ,  UN World Population Prospects 2032","USD per capita","2020","2020-01-01","79.03869293481"
"NOR","Norway","VC per capita","Crunchbase, Startupticker.ch ,  UN World Population Prospects 2032","USD per capita","2021","2021-01-01","238.213793649684"
"NOR","Norway","VC per capita","Crunchbase, Startupticker.ch ,  UN World Population Prospects 2032","USD per capita","2022","2022-01-01","231.044446058357"
"NOR","Norway","VC per capita","Crunchbase, Startupticker.ch ,  UN World Population Prospects 2032","USD per capita","2023","2023-01-01","91.5006377817112"
"KOR","Republic of Korea","VC per capita","Crunchbase, Startupticker.ch ,  UN World Population Prospects 2033","USD per capita","2016","2016-01-01","20.0944806128845"
"KOR","Republic of Korea","VC per capita","Crunchbase, Startupticker.ch ,  UN World Population Prospects 2033","USD per capita","2017","2017-01-01","22.9710614142865"
"KOR","Republic of Korea","VC per capita","Crunchbase, Startupticker.ch ,  UN World Population Prospects 2033","USD per capita","2018","2018-01-01","64.7929392549954"
"KOR","Republic of Korea","VC per capita","Crunchbase, Startupticker.ch ,  UN World Population Prospects 2033","USD per capita","2019","2019-01-01","97.6728222005797"
"KOR","Republic of Korea","VC per capita","Crunchbase, Startupticker.ch ,  UN World Population Prospects 2033","USD per capita","2020","2020-01-01","84.0423122275452"
"KOR","Republic of Korea","VC per capita","Crunchbase, Startupticker.ch ,  UN World Population Prospects 2033","USD per capita","2021","2021-01-01","272.493710104479"
"KOR","Republic of Korea","VC per capita","Crunchbase, Startupticker.ch ,  UN World Population Prospects 2033","USD per capita","2022","2022-01-01","203.424880048271"
"KOR","Republic of Korea","VC per capita","Crunchbase, Startupticker.ch ,  UN World Population Prospects 2033","USD per capita","2023","2023-01-01","62.0762144385313"
"SGP","Singapore","VC per capita","Crunchbase, Startupticker.ch ,  UN World Population Prospects 2034","USD per capita","2016","2016-01-01","271.941325447627"
"SGP","Singapore","VC per capita","Crunchbase, Startupticker.ch ,  UN World Population Prospects 2034","USD per capita","2017","2017-01-01","697.524648051528"
"SGP","Singapore","VC per capita","Crunchbase, Startupticker.ch ,  UN World Population Prospects 2034","USD per capita","2018","2018-01-01","1335.77081330709"
"SGP","Singapore","VC per capita","Crunchbase, Startupticker.ch ,  UN World Population Prospects 2034","USD per capita","2019","2019-01-01","964.386106718107"
"SGP","Singapore","VC per capita","Crunchbase, Startupticker.ch ,  UN World Population Prospects 2034","USD per capita","2020","2020-01-01","670.879460668256"
"SGP","Singapore","VC per capita","Crunchbase, Startupticker.ch ,  UN World Population Prospects 2034","USD per capita","2021","2021-01-01","1748.57456694028"
"SGP","Singapore","VC per capita","Crunchbase, Startupticker.ch ,  UN World Population Prospects 2034","USD per capita","2022","2022-01-01","1695.71404238956"
"SGP","Singapore","VC per capita","Crunchbase, Startupticker.ch ,  UN World Population Prospects 2034","USD per capita","2023","2023-01-01","676.758824659826"
"ESP","Spain","VC per capita","Crunchbase, Startupticker.ch ,  UN World Population Prospects 2035","USD per capita","2016","2016-01-01","14.8984755561421"
"ESP","Spain","VC per capita","Crunchbase, Startupticker.ch ,  UN World Population Prospects 2035","USD per capita","2017","2017-01-01","15.6807946997219"
"ESP","Spain","VC per capita","Crunchbase, Startupticker.ch ,  UN World Population Prospects 2035","USD per capita","2018","2018-01-01","19.4376685267887"
"ESP","Spain","VC per capita","Crunchbase, Startupticker.ch ,  UN World Population Prospects 2035","USD per capita","2019","2019-01-01","33.2067231317926"
"ESP","Spain","VC per capita","Crunchbase, Startupticker.ch ,  UN World Population Prospects 2035","USD per capita","2020","2020-01-01","16.357722489745"
"ESP","Spain","VC per capita","Crunchbase, Startupticker.ch ,  UN World Population Prospects 2035","USD per capita","2021","2021-01-01","74.093995009336"
"ESP","Spain","VC per capita","Crunchbase, Startupticker.ch ,  UN World Population Prospects 2035","USD per capita","2022","2022-01-01","50.2028731405979"
"ESP","Spain","VC per capita","Crunchbase, Startupticker.ch ,  UN World Population Prospects 2035","USD per capita","2023","2023-01-01","32.90045542913"
"SWE","Sweden","VC per capita","Crunchbase, Startupticker.ch ,  UN World Population Prospects 2036","USD per capita","2016","2016-01-01","75.7023742720737"
"SWE","Sweden","VC per capita","Crunchbase, Startupticker.ch ,  UN World Population Prospects 2036","USD per capita","2017","2017-01-01","86.0701688635685"
"SWE","Sweden","VC per capita","Crunchbase, Startupticker.ch ,  UN World Population Prospects 2036","USD per capita","2018","2018-01-01","103.556306423588"
"SWE","Sweden","VC per capita","Crunchbase, Startupticker.ch ,  UN World Population Prospects 2036","USD per capita","2019","2019-01-01","112.055480474125"
"SWE","Sweden","VC per capita","Crunchbase, Startupticker.ch ,  UN World Population Prospects 2036","USD per capita","2020","2020-01-01","215.24747953984"
"SWE","Sweden","VC per capita","Crunchbase, Startupticker.ch ,  UN World Population Prospects 2036","USD per capita","2021","2021-01-01","730.530923897372"
"SWE","Sweden","VC per capita","Crunchbase, Startupticker.ch ,  UN World Population Prospects 2036","USD per capita","2022","2022-01-01","363.637185506688"
"SWE","Sweden","VC per capita","Crunchbase, Startupticker.ch ,  UN World Population Prospects 2036","USD per capita","2023","2023-01-01","126.545084019917"
"CHE","Switzerland","VC per capita","Crunchbase, Startupticker.ch ,  UN World Population Prospects 2037","USD per capita","2016","2016-01-01","104.306120562197"
"CHE","Switzerland","VC per capita","Crunchbase, Startupticker.ch ,  UN World Population Prospects 2037","USD per capita","2017","2017-01-01","129.716700779035"
"CHE","Switzerland","VC per capita","Crunchbase, Startupticker.ch ,  UN World Population Prospects 2037","USD per capita","2018","2018-01-01","167.250939893482"
"CHE","Switzerland","VC per capita","Crunchbase, Startupticker.ch ,  UN World Population Prospects 2037","USD per capita","2019","2019-01-01","205.220061706258"
"CHE","Switzerland","VC per capita","Crunchbase, Startupticker.ch ,  UN World Population Prospects 2037","USD per capita","2020","2020-01-01","228.128426831058"
"CHE","Switzerland","VC per capita","Crunchbase, Startupticker.ch ,  UN World Population Prospects 2037","USD per capita","2021","2021-01-01","377.336942113769"
"CHE","Switzerland","VC per capita","Crunchbase, Startupticker.ch ,  UN World Population Prospects 2037","USD per capita","2022","2022-01-01","411.080062704553"
"CHE","Switzerland","VC per capita","Crunchbase, Startupticker.ch ,  UN World Population Prospects 2037","USD per capita","2023","2023-01-01","281.627625662766"
"GBR","United Kingdom","VC per capita","Crunchbase, Startupticker.ch ,  UN World Population Prospects 2038","USD per capita","2016","2016-01-01","75.9416108533994"
"GBR","United Kingdom","VC per capita","Crunchbase, Startupticker.ch ,  UN World Population Prospects 2038","USD per capita","2017","2017-01-01","129.576158358685"
"GBR","United Kingdom","VC per capita","Crunchbase, Startupticker.ch ,  UN World Population Prospects 2038","USD per capita","2018","2018-01-01","139.369210272642"
"GBR","United Kingdom","VC per capita","Crunchbase, Startupticker.ch ,  UN World Population Prospects 2038","USD per capita","2019","2019-01-01","187.262567727041"
"GBR","United Kingdom","VC per capita","Crunchbase, Startupticker.ch ,  UN World Population Prospects 2038","USD per capita","2020","2020-01-01","208.277565159884"
"GBR","United Kingdom","VC per capita","Crunchbase, Startupticker.ch ,  UN World Population Prospects 2038","USD per capita","2021","2021-01-01","481.88832654881"
"GBR","United Kingdom","VC per capita","Crunchbase, Startupticker.ch ,  UN World Population Prospects 2038","USD per capita","2022","2022-01-01","348.002778471898"
"GBR","United Kingdom","VC per capita","Crunchbase, Startupticker.ch ,  UN World Population Prospects 2038","USD per capita","2023","2023-01-01","210.966946307141"
"USA","United States of America","VC per capita","Crunchbase, Startupticker.ch ,  UN World Population Prospects 2039","USD per capita","2016","2016-01-01","210.787578877112"
"USA","United States of America","VC per capita","Crunchbase, Startupticker.ch ,  UN World Population Prospects 2039","USD per capita","2017","2017-01-01","260.23790196684"
"USA","United States of America","VC per capita","Crunchbase, Startupticker.ch ,  UN World Population Prospects 2039","USD per capita","2018","2018-01-01","336.59474220881"
"USA","United States of America","VC per capita","Crunchbase, Startupticker.ch ,  UN World Population Prospects 2039","USD per capita","2019","2019-01-01","357.274200610184"
"USA","United States of America","VC per capita","Crunchbase, Startupticker.ch ,  UN World Population Prospects 2039","USD per capita","2020","2020-01-01","430.763766867884"
"USA","United States of America","VC per capita","Crunchbase, Startupticker.ch ,  UN World Population Prospects 2039","USD per capita","2021","2021-01-01","890.090789639059"
"USA","United States of America","VC per capita","Crunchbase, Startupticker.ch ,  UN World Population Prospects 2039","USD per capita","2022","2022-01-01","568.771906969325"
"USA","United States of America","VC per capita","Crunchbase, Startupticker.ch ,  UN World Population Prospects 2039","USD per capita","2023","2023-01-01","344.565009859491"
"DNK","Denmark","VC growth","Crunchbase, Startupticker.ch","2016 = 100","2016","2016-01-01","100"
"DNK","Denmark","VC growth","Crunchbase, Startupticker.ch","2016 = 100","2017","2017-01-01","148.006379325558"
"DNK","Denmark","VC growth","Crunchbase, Startupticker.ch","2016 = 100","2018","2018-01-01","241.184777070256"
"DNK","Denmark","VC growth","Crunchbase, Startupticker.ch","2016 = 100","2019","2019-01-01","365.200919174677"
"DNK","Denmark","VC growth","Crunchbase, Startupticker.ch","2016 = 100","2020","2020-01-01","378.810491509171"
"DNK","Denmark","VC growth","Crunchbase, Startupticker.ch","2016 = 100","2021","2021-01-01","1226.52958274634"
"DNK","Denmark","VC growth","Crunchbase, Startupticker.ch","2016 = 100","2022","2022-01-01","531.152410423902"
"DNK","Denmark","VC growth","Crunchbase, Startupticker.ch","2016 = 100","2023","2023-01-01","587.417380861826"
"EST","Estonia","VC growth","Crunchbase, Startupticker.ch","2016 = 100","2016","2016-01-01","100"
"EST","Estonia","VC growth","Crunchbase, Startupticker.ch","2016 = 100","2017","2017-01-01","562.626443998788"
"EST","Estonia","VC growth","Crunchbase, Startupticker.ch","2016 = 100","2018","2018-01-01","122.400016442461"
"EST","Estonia","VC growth","Crunchbase, Startupticker.ch","2016 = 100","2019","2019-01-01","396.619235636109"
"EST","Estonia","VC growth","Crunchbase, Startupticker.ch","2016 = 100","2020","2020-01-01","1215.8458802577"
"EST","Estonia","VC growth","Crunchbase, Startupticker.ch","2016 = 100","2021","2021-01-01","3868.17027453801"
"EST","Estonia","VC growth","Crunchbase, Startupticker.ch","2016 = 100","2022","2022-01-01","5656.33566588175"
"EST","Estonia","VC growth","Crunchbase, Startupticker.ch","2016 = 100","2023","2023-01-01","1301.66480695513"
"FIN","Finland","VC growth","Crunchbase, Startupticker.ch","2016 = 100","2016","2016-01-01","100"
"FIN","Finland","VC growth","Crunchbase, Startupticker.ch","2016 = 100","2017","2017-01-01","129.394767538639"
"FIN","Finland","VC growth","Crunchbase, Startupticker.ch","2016 = 100","2018","2018-01-01","216.300906657784"
"FIN","Finland","VC growth","Crunchbase, Startupticker.ch","2016 = 100","2019","2019-01-01","216.27167824979"
"FIN","Finland","VC growth","Crunchbase, Startupticker.ch","2016 = 100","2020","2020-01-01","470.541257786877"
"FIN","Finland","VC growth","Crunchbase, Startupticker.ch","2016 = 100","2021","2021-01-01","727.816972758626"
"FIN","Finland","VC growth","Crunchbase, Startupticker.ch","2016 = 100","2022","2022-01-01","464.492526169283"
"FIN","Finland","VC growth","Crunchbase, Startupticker.ch","2016 = 100","2023","2023-01-01","195.174802621595"
"FRA","France","VC growth","Crunchbase, Startupticker.ch","2016 = 100","2016","2016-01-01","100"
"FRA","France","VC growth","Crunchbase, Startupticker.ch","2016 = 100","2017","2017-01-01","125.806012091181"
"FRA","France","VC growth","Crunchbase, Startupticker.ch","2016 = 100","2018","2018-01-01","198.925377175681"
"FRA","France","VC growth","Crunchbase, Startupticker.ch","2016 = 100","2019","2019-01-01","241.140898313538"
"FRA","France","VC growth","Crunchbase, Startupticker.ch","2016 = 100","2020","2020-01-01","269.572184021395"
"FRA","France","VC growth","Crunchbase, Startupticker.ch","2016 = 100","2021","2021-01-01","599.731670487451"
"FRA","France","VC growth","Crunchbase, Startupticker.ch","2016 = 100","2022","2022-01-01","634.608824735386"
"FRA","France","VC growth","Crunchbase, Startupticker.ch","2016 = 100","2023","2023-01-01","396.939502940925"
"DEU","Germany","VC growth","Crunchbase, Startupticker.ch","2016 = 100","2016","2016-01-01","100"
"DEU","Germany","VC growth","Crunchbase, Startupticker.ch","2016 = 100","2017","2017-01-01","119.965261535291"
"DEU","Germany","VC growth","Crunchbase, Startupticker.ch","2016 = 100","2018","2018-01-01","247.766061168368"
"DEU","Germany","VC growth","Crunchbase, Startupticker.ch","2016 = 100","2019","2019-01-01","305.595032016316"
"DEU","Germany","VC growth","Crunchbase, Startupticker.ch","2016 = 100","2020","2020-01-01","220.556500569718"
"DEU","Germany","VC growth","Crunchbase, Startupticker.ch","2016 = 100","2021","2021-01-01","881.731662021889"
"DEU","Germany","VC growth","Crunchbase, Startupticker.ch","2016 = 100","2022","2022-01-01","461.434673939541"
"DEU","Germany","VC growth","Crunchbase, Startupticker.ch","2016 = 100","2023","2023-01-01","334.594827858129"
"ISR","Israel","VC growth","Crunchbase, Startupticker.ch","2016 = 100","2016","2016-01-01","100"
"ISR","Israel","VC growth","Crunchbase, Startupticker.ch","2016 = 100","2017","2017-01-01","134.913035505074"
"ISR","Israel","VC growth","Crunchbase, Startupticker.ch","2016 = 100","2018","2018-01-01","211.351590889134"
"ISR","Israel","VC growth","Crunchbase, Startupticker.ch","2016 = 100","2019","2019-01-01","236.637929441778"
"ISR","Israel","VC growth","Crunchbase, Startupticker.ch","2016 = 100","2020","2020-01-01","263.097698463989"
"ISR","Israel","VC growth","Crunchbase, Startupticker.ch","2016 = 100","2021","2021-01-01","603.73553969228"
"ISR","Israel","VC growth","Crunchbase, Startupticker.ch","2016 = 100","2022","2022-01-01","538.924646063466"
"ISR","Israel","VC growth","Crunchbase, Startupticker.ch","2016 = 100","2023","2023-01-01","269.639766850058"
"ITA","Italy","VC growth","Crunchbase, Startupticker.ch","2016 = 100","2016","2016-01-01","100"
"ITA","Italy","VC growth","Crunchbase, Startupticker.ch","2016 = 100","2017","2017-01-01","89.4274465824791"
"ITA","Italy","VC growth","Crunchbase, Startupticker.ch","2016 = 100","2018","2018-01-01","274.703229319355"
"ITA","Italy","VC growth","Crunchbase, Startupticker.ch","2016 = 100","2019","2019-01-01","228.561018533906"
"ITA","Italy","VC growth","Crunchbase, Startupticker.ch","2016 = 100","2020","2020-01-01","371.365859736584"
"ITA","Italy","VC growth","Crunchbase, Startupticker.ch","2016 = 100","2021","2021-01-01","659.564075646159"
"ITA","Italy","VC growth","Crunchbase, Startupticker.ch","2016 = 100","2022","2022-01-01","937.813786578509"
"ITA","Italy","VC growth","Crunchbase, Startupticker.ch","2016 = 100","2023","2023-01-01","715.00068215029"
"NLD","Netherlands","VC growth","Crunchbase, Startupticker.ch","2016 = 100","2016","2016-01-01","100"
"NLD","Netherlands","VC growth","Crunchbase, Startupticker.ch","2016 = 100","2017","2017-01-01","238.858872415168"
"NLD","Netherlands","VC growth","Crunchbase, Startupticker.ch","2016 = 100","2018","2018-01-01","244.216465397829"
"NLD","Netherlands","VC growth","Crunchbase, Startupticker.ch","2016 = 100","2019","2019-01-01","304.118234611611"
"NLD","Netherlands","VC growth","Crunchbase, Startupticker.ch","2016 = 100","2020","2020-01-01","420.5985584922"
"NLD","Netherlands","VC growth","Crunchbase, Startupticker.ch","2016 = 100","2021","2021-01-01","1997.47630558055"
"NLD","Netherlands","VC growth","Crunchbase, Startupticker.ch","2016 = 100","2022","2022-01-01","615.131385300778"
"NLD","Netherlands","VC growth","Crunchbase, Startupticker.ch","2016 = 100","2023","2023-01-01","890.013219919299"
"NOR","Norway","VC growth","Crunchbase, Startupticker.ch","2016 = 100","2016","2016-01-01","100"
"NOR","Norway","VC growth","Crunchbase, Startupticker.ch","2016 = 100","2017","2017-01-01","94.9074880893492"
"NOR","Norway","VC growth","Crunchbase, Startupticker.ch","2016 = 100","2018","2018-01-01","131.36983360245"
"NOR","Norway","VC growth","Crunchbase, Startupticker.ch","2016 = 100","2019","2019-01-01","115.409894339628"
"NOR","Norway","VC growth","Crunchbase, Startupticker.ch","2016 = 100","2020","2020-01-01","175.515567744143"
"NOR","Norway","VC growth","Crunchbase, Startupticker.ch","2016 = 100","2021","2021-01-01","531.321940902949"
"NOR","Norway","VC growth","Crunchbase, Startupticker.ch","2016 = 100","2022","2022-01-01","518.573019310964"
"NOR","Norway","VC growth","Crunchbase, Startupticker.ch","2016 = 100","2023","2023-01-01","207.774832407098"
"KOR","Republic of Korea","VC growth","Crunchbase, Startupticker.ch","2016 = 100","2016","2016-01-01","100"
"KOR","Republic of Korea","VC growth","Crunchbase, Startupticker.ch","2016 = 100","2017","2017-01-01","114.774401290511"
"KOR","Republic of Korea","VC growth","Crunchbase, Startupticker.ch","2016 = 100","2018","2018-01-01","324.815067657614"
"KOR","Republic of Korea","VC growth","Crunchbase, Startupticker.ch","2016 = 100","2019","2019-01-01","490.956225670216"
"KOR","Republic of Korea","VC growth","Crunchbase, Startupticker.ch","2016 = 100","2020","2020-01-01","423.388828613394"
"KOR","Republic of Korea","VC growth","Crunchbase, Startupticker.ch","2016 = 100","2021","2021-01-01","1374.5017293419"
"KOR","Republic of Korea","VC growth","Crunchbase, Startupticker.ch","2016 = 100","2022","2022-01-01","1024.41618711823"
"KOR","Republic of Korea","VC growth","Crunchbase, Startupticker.ch","2016 = 100","2023","2023-01-01","312.327184863466"
"SGP","Singapore","VC growth","Crunchbase, Startupticker.ch","2016 = 100","2016","2016-01-01","100"
"SGP","Singapore","VC growth","Crunchbase, Startupticker.ch","2016 = 100","2017","2017-01-01","258.236922363346"
"SGP","Singapore","VC growth","Crunchbase, Startupticker.ch","2016 = 100","2018","2018-01-01","495.819194224708"
"SGP","Singapore","VC growth","Crunchbase, Startupticker.ch","2016 = 100","2019","2019-01-01","360.898821876569"
"SGP","Singapore","VC growth","Crunchbase, Startupticker.ch","2016 = 100","2020","2020-01-01","252.14452313208"
"SGP","Singapore","VC growth","Crunchbase, Startupticker.ch","2016 = 100","2021","2021-01-01","642.932343691794"
"SGP","Singapore","VC growth","Crunchbase, Startupticker.ch","2016 = 100","2022","2022-01-01","620.750409659327"
"SGP","Singapore","VC growth","Crunchbase, Startupticker.ch","2016 = 100","2023","2023-01-01","258.112219847147"
"ESP","Spain","VC growth","Crunchbase, Startupticker.ch","2016 = 100","2016","2016-01-01","100"
"ESP","Spain","VC growth","Crunchbase, Startupticker.ch","2016 = 100","2017","2017-01-01","105.485236985997"
"ESP","Spain","VC growth","Crunchbase, Startupticker.ch","2016 = 100","2018","2018-01-01","131.226726995475"
"ESP","Spain","VC growth","Crunchbase, Startupticker.ch","2016 = 100","2019","2019-01-01","225.523967883965"
"ESP","Spain","VC growth","Crunchbase, Startupticker.ch","2016 = 100","2020","2020-01-01","112.043720565722"
"ESP","Spain","VC growth","Crunchbase, Startupticker.ch","2016 = 100","2021","2021-01-01","508.417415418303"
"ESP","Spain","VC growth","Crunchbase, Startupticker.ch","2016 = 100","2022","2022-01-01","344.680177880624"
"ESP","Spain","VC growth","Crunchbase, Startupticker.ch","2016 = 100","2023","2023-01-01","226.633251526198"
"SWE","Sweden","VC growth","Crunchbase, Startupticker.ch","2016 = 100","2016","2016-01-01","100"
"SWE","Sweden","VC growth","Crunchbase, Startupticker.ch","2016 = 100","2017","2017-01-01","115.357585183573"
"SWE","Sweden","VC growth","Crunchbase, Startupticker.ch","2016 = 100","2018","2018-01-01","140.531577333483"
"SWE","Sweden","VC growth","Crunchbase, Startupticker.ch","2016 = 100","2019","2019-01-01","153.717319248747"
"SWE","Sweden","VC growth","Crunchbase, Startupticker.ch","2016 = 100","2020","2020-01-01","298.089911954532"
"SWE","Sweden","VC growth","Crunchbase, Startupticker.ch","2016 = 100","2021","2021-01-01","1016.74747227235"
"SWE","Sweden","VC growth","Crunchbase, Startupticker.ch","2016 = 100","2022","2022-01-01","509.68013247825"
"SWE","Sweden","VC growth","Crunchbase, Startupticker.ch","2016 = 100","2023","2023-01-01","178.541035893521"
"CHE","Switzerland","VC growth","Crunchbase, Startupticker.ch","2016 = 100","2016","2016-01-01","100"
"CHE","Switzerland","VC growth","Crunchbase, Startupticker.ch","2016 = 100","2017","2017-01-01","125.743843092534"
"CHE","Switzerland","VC growth","Crunchbase, Startupticker.ch","2016 = 100","2018","2018-01-01","163.377613093802"
"CHE","Switzerland","VC growth","Crunchbase, Startupticker.ch","2016 = 100","2019","2019-01-01","201.897867461495"
"CHE","Switzerland","VC growth","Crunchbase, Startupticker.ch","2016 = 100","2020","2020-01-01","226.058415332469"
"CHE","Switzerland","VC growth","Crunchbase, Startupticker.ch","2016 = 100","2021","2021-01-01","376.706335710569"
"CHE","Switzerland","VC growth","Crunchbase, Startupticker.ch","2016 = 100","2022","2022-01-01","413.638027369514"
"CHE","Switzerland","VC growth","Crunchbase, Startupticker.ch","2016 = 100","2023","2023-01-01","286.678388145605"
"GBR","United Kingdom","VC growth","Crunchbase, Startupticker.ch","2016 = 100","2016","2016-01-01","100"
"GBR","United Kingdom","VC growth","Crunchbase, Startupticker.ch","2016 = 100","2017","2017-01-01","171.92913238831"
"GBR","United Kingdom","VC growth","Crunchbase, Startupticker.ch","2016 = 100","2018","2018-01-01","186.09986237596"
"GBR","United Kingdom","VC growth","Crunchbase, Startupticker.ch","2016 = 100","2019","2019-01-01","251.461006280511"
"GBR","United Kingdom","VC growth","Crunchbase, Startupticker.ch","2016 = 100","2020","2020-01-01","281.10880377356"
"GBR","United Kingdom","VC growth","Crunchbase, Startupticker.ch","2016 = 100","2021","2021-01-01","651.749579583516"
"GBR","United Kingdom","VC growth","Crunchbase, Startupticker.ch","2016 = 100","2022","2022-01-01","474.118597877218"
"GBR","United Kingdom","VC growth","Crunchbase, Startupticker.ch","2016 = 100","2023","2023-01-01","289.651972648431"
"USA","United States of America","VC growth","Crunchbase, Startupticker.ch","2016 = 100","2016","2016-01-01","100"
"USA","United States of America","VC growth","Crunchbase, Startupticker.ch","2016 = 100","2017","2017-01-01","124.631440397976"
"USA","United States of America","VC growth","Crunchbase, Startupticker.ch","2016 = 100","2018","2018-01-01","162.633331381942"
"USA","United States of America","VC growth","Crunchbase, Startupticker.ch","2016 = 100","2019","2019-01-01","174.054197725316"
"USA","United States of America","VC growth","Crunchbase, Startupticker.ch","2016 = 100","2020","2020-01-01","211.543397425089"
"USA","United States of America","VC growth","Crunchbase, Startupticker.ch","2016 = 100","2021","2021-01-01","437.871065683091"
"USA","United States of America","VC growth","Crunchbase, Startupticker.ch","2016 = 100","2022","2022-01-01","280.512378219946"
"USA","United States of America","VC growth","Crunchbase, Startupticker.ch","2016 = 100","2023","2023-01-01","170.874932385994"
"CHE","Switzerland","Invested capital in Swiss start-ups","Startupticker.ch","CHFm","2016","2016-01-01","909"
"CHE","Switzerland","Invested capital in Swiss start-ups","Startupticker.ch","CHFm","2017","2017-01-01","938"
"CHE","Switzerland","Invested capital in Swiss start-ups","Startupticker.ch","CHFm","2018","2018-01-01","1236"
"CHE","Switzerland","Invested capital in Swiss start-ups","Startupticker.ch","CHFm","2019","2019-01-01","2294"
"CHE","Switzerland","Invested capital in Swiss start-ups","Startupticker.ch","CHFm","2020","2020-01-01","2124"
"CHE","Switzerland","Invested capital in Swiss start-ups","Startupticker.ch","CHFm","2021","2021-01-01","3059"
"CHE","Switzerland","Invested capital in Swiss start-ups","Startupticker.ch","CHFm","2022","2022-01-01","3969"
"CHE","Switzerland","Invested capital in Swiss start-ups","Startupticker.ch","CHFm","2023","2023-01-01","2588"
"CHE","Switzerland","Invested capital in Swiss start-ups","Startupticker.ch","CHFm","2024","2024-01-01","2369"
"CHE","Switzerland","Financing rounds of Swiss start-ups","Startupticker.ch","rounds","2016","2016-01-01","151"
"CHE","Switzerland","Financing rounds of Swiss start-ups","Startupticker.ch","rounds","2017","2017-01-01","175"
"CHE","Switzerland","Financing rounds of Swiss start-ups","Startupticker.ch","rounds","2018","2018-01-01","230"
"CHE","Switzerland","Financing rounds of Swiss start-ups","Startupticker.ch","rounds","2019","2019-01-01","266"
"CHE","Switzerland","Financing rounds of Swiss start-ups","Startupticker.ch","rounds","2020","2020-01-01","304"
"CHE","Switzerland","Financing rounds of Swiss start-ups","Startupticker.ch","rounds","2021","2021-01-01","355"
"CHE","Switzerland","Financing rounds of Swiss start-ups","Startupticker.ch","rounds","2022","2022-01-01","383"
"CHE","Switzerland","Financing rounds of Swiss start-ups","Startupticker.ch","rounds","2023","2023-01-01","397"
"CHE","Switzerland","Financing rounds of Swiss start-ups","Startupticker.ch","rounds","2024","2024-01-01","357"
